dataset,strategy,labeled_samples,accuracy_mean,accuracy_std,n_trials
ionosphere,BALD,20,0.8321513002364066,0.06282369691328069,51
ionosphere,BALD,21,0.8639587362991619,0.06033107706145498,11
ionosphere,BALD,22,0.8678272082527401,0.05185291879531424,11
ionosphere,BALD,23,0.877498388136686,0.05025871491129748,11
ionosphere,BALD,24,0.889103803997421,0.04293829609442664,11
ionosphere,BALD,25,0.8916827852998065,0.043729706147510185,11
ionosphere,BALD,26,0.8968407479045777,0.03676518533627413,11
ionosphere,BALD,27,0.9032882011605416,0.041629783255597484,11
ionosphere,BALD,28,0.9090909090909091,0.037369652651188474,11
ionosphere,BALD,29,0.9116698903932946,0.036490534944317754,11
ionosphere,BALD,30,0.9142488716956801,0.035241097707118745,11
ionosphere,BALD,31,0.9161831076724695,0.02170216979975096,11
ionosphere,BALD,32,0.9245647969052224,0.023580408924642134,11
ionosphere,BALD,33,0.9252095422308187,0.02895904331057351,11
ionosphere,BALD,34,0.9290780141843972,0.019030365765955695,11
ionosphere,BALD,35,0.9297227595099936,0.01861740504961973,11
ionosphere,BALD,36,0.9290780141843972,0.02005976684217159,11
ionosphere,BALD,37,0.9316569954867827,0.0220367123692474,11
ionosphere,BALD,38,0.9290780141843972,0.026536577211162725,11
ionosphere,BALD,39,0.9329464861379755,0.02423076114904865,11
ionosphere,BALD,40,0.9290780141843972,0.027099252729847922,11
ionosphere,BALD,41,0.935525467440361,0.0294910205023932,11
ionosphere,BALD,42,0.9368149580915538,0.02546376749625472,11
ionosphere,BALD,43,0.9297227595099936,0.02662259551523224,11
ionosphere,BALD,44,0.9303675048355899,0.02390779654124975,11
ionosphere,BALD,45,0.9329464861379755,0.024845710983878416,11
ionosphere,BALD,46,0.9361702127659574,0.02030896604720053,11
ionosphere,BALD,47,0.9361702127659574,0.02103886095629978,11
ionosphere,BALD,48,0.9381044487427467,0.02636369864637124,11
ionosphere,BALD,49,0.9445519019987105,0.0228316327654749,11
ionosphere,BALD,50,0.9432624113475178,0.021511703387380288,11
ionosphere,BALD,51,0.9406834300451322,0.019621878875489194,11
ionosphere,BALD,52,0.9426176660219213,0.02066607412969534,11
ionosphere,BALD,53,0.9445519019987105,0.019505011374534146,11
ionosphere,BALD,54,0.9464861379754996,0.02273127345429295,11
ionosphere,BALD,55,0.9490651192778853,0.02146914804721331,11
ionosphere,BALD,56,0.9497098646034817,0.022751380732398973,11
ionosphere,BALD,57,0.9509993552546745,0.022971399203675705,11
ionosphere,BALD,58,0.9516441005802708,0.021233569217847133,11
ionosphere,BALD,59,0.9529335912314636,0.021807265667682443,11
ionosphere,BALD,60,0.9516441005802708,0.020263885045885856,11
ionosphere,BALD,61,0.9516441005802708,0.02051060441081475,11
ionosphere,BALD,62,0.9484203739522887,0.02176528821650238,11
ionosphere,BALD,63,0.950354609929078,0.018494191220433023,11
ionosphere,BALD,64,0.948420373952289,0.017398569386545732,11
ionosphere,BALD,65,0.9490651192778853,0.016425195619415845,11
ionosphere,BALD,66,0.947130883301096,0.017762704466738728,11
ionosphere,BALD,67,0.9458413926499033,0.017160402830582223,11
ionosphere,BALD,68,0.9464861379754996,0.01776270446673872,11
ionosphere,BALD,69,0.9477756286266924,0.017451053877972838,11
ionosphere,BALD,70,0.9497098646034817,0.01888564605528922,11
ionosphere,BALD,71,0.9497098646034817,0.01834524228887553,11
ionosphere,BALD,72,0.9516441005802708,0.01816992537134976,11
ionosphere,BALD,73,0.9509993552546745,0.019668431441216477,11
ionosphere,BALD,74,0.9522888459058673,0.01983050483459662,11
ionosphere,BALD,75,0.947130883301096,0.017477237019295787,11
ionosphere,BALD,76,0.9477756286266924,0.01773694273531851,11
ionosphere,BALD,77,0.9497098646034817,0.02017342082161445,11
ionosphere,BALD,78,0.9509993552546745,0.019150130105816995,11
ionosphere,BALD,79,0.9509993552546745,0.01600215815085862,11
ionosphere,BALD,80,0.9516441005802708,0.01642519561941585,11
ionosphere,BALD,81,0.9490651192778853,0.01702664862573349,11
ionosphere,BALD,82,0.950354609929078,0.017659432053884722,11
ionosphere,BALD,83,0.950354609929078,0.017659432053884722,11
ionosphere,BALD,84,0.9490651192778853,0.018715392068790197,11
ionosphere,BALD,85,0.948420373952289,0.018518899569755085,11
ionosphere,BALD,86,0.9477756286266925,0.018568217631968323,11
ionosphere,BALD,87,0.9490651192778853,0.017026648625733488,11
ionosphere,BALD,88,0.9490651192778853,0.017026648625733488,11
ionosphere,BALD,89,0.950354609929078,0.01648078019662728,11
ionosphere,BALD,90,0.950354609929078,0.01648078019662728,11
ionosphere,BALD,91,0.9490651192778853,0.01672862538525312,11
ionosphere,BALD,92,0.9490651192778853,0.01672862538525312,11
ionosphere,BALD,93,0.9490651192778853,0.017026648625733467,11
ionosphere,BALD,94,0.9509993552546745,0.018345242288875546,11
ionosphere,BALD,95,0.950354609929078,0.019292865969837498,11
ionosphere,BALD,96,0.950354609929078,0.019807432686197078,11
ionosphere,BALD,97,0.9529335912314636,0.01686474337675485,11
ionosphere,BALD,98,0.9522888459058673,0.018245267472158846,11
ionosphere,BALD,99,0.9516441005802708,0.019245404973048746,11
ionosphere,BALD,100,0.9542230818826564,0.016591390701097723,11
ionosphere,BALD,101,0.9542230818826564,0.016591390701097723,11
ionosphere,BALD,102,0.9542230818826564,0.016591390701097723,11
ionosphere,BALD,103,0.9542230818826564,0.016591390701097723,11
ionosphere,BALD,104,0.9542230818826564,0.016591390701097723,11
ionosphere,BALD,105,0.9542230818826564,0.016891835351450987,11
ionosphere,BALD,106,0.9542230818826564,0.018320299731740607,11
ionosphere,BALD,107,0.9555125725338491,0.016200950346267277,11
ionosphere,BALD,108,0.9555125725338491,0.016200950346267277,11
ionosphere,BALD,109,0.9555125725338491,0.016200950346267277,11
ionosphere,BALD,110,0.9535783365570599,0.01776270446673874,11
ionosphere,BALD,111,0.9542230818826564,0.018320299731740614,11
ionosphere,BALD,112,0.9555125725338491,0.01620095034626729,11
ionosphere,BALD,113,0.9555125725338491,0.01739856938654572,11
ionosphere,BALD,114,0.9548678272082527,0.01829532316970877,11
ionosphere,BALD,115,0.9548678272082527,0.01829532316970877,11
ionosphere,BALD,116,0.9542230818826564,0.018043656118335832,11
ionosphere,BALD,117,0.9542230818826564,0.018043656118335832,11
ionosphere,BALD,118,0.9542230818826564,0.018043656118335832,11
ionosphere,BALD,119,0.9548678272082527,0.01856821763196832,11
ionosphere,BALD,120,0.9548678272082527,0.01856821763196832,11
ionosphere,BALD,121,0.9535783365570599,0.018320299731740604,11
ionosphere,BALD,122,0.9535783365570599,0.018320299731740604,11
ionosphere,BALD,123,0.9529335912314636,0.019363839352264593,11
ionosphere,BALD,124,0.9529335912314636,0.019363839352264593,11
ionosphere,BALD,125,0.9529335912314636,0.019363839352264593,11
ionosphere,BALD,126,0.9529335912314636,0.019363839352264593,11
ionosphere,BALD,127,0.9535783365570599,0.01938743940898445,11
ionosphere,BALD,128,0.9522888459058673,0.019575215601645442,11
ionosphere,BALD,129,0.95177304964539,0.02055514432083609,10
ionosphere,BALD,130,0.95177304964539,0.02055514432083609,10
ionosphere,BALD,131,0.9524822695035461,0.019508918237142094,10
ionosphere,BALD,132,0.95177304964539,0.01885333525993086,10
ionosphere,BALD,133,0.95177304964539,0.01885333525993086,10
ionosphere,BALD,134,0.9524822695035461,0.01922030886447076,10
ionosphere,BALD,135,0.9524822695035461,0.01922030886447076,10
ionosphere,BALD,136,0.9524822695035461,0.01922030886447076,10
ionosphere,BALD,137,0.9524822695035461,0.01922030886447076,10
ionosphere,BALD,138,0.9524822695035461,0.01922030886447076,10
ionosphere,BALD,139,0.9524822695035461,0.01922030886447076,10
ionosphere,BALD,140,0.9524822695035461,0.01922030886447076,10
ionosphere,BALD,141,0.9531914893617021,0.019835628334187255,10
ionosphere,BALD,142,0.9531914893617021,0.019835628334187255,10
ionosphere,BALD,143,0.9524822695035461,0.01922030886447076,10
ionosphere,BALD,144,0.9524822695035461,0.01922030886447076,10
ionosphere,BALD,145,0.9531914893617021,0.019835628334187255,10
ionosphere,BALD,146,0.9531914893617021,0.019835628334187255,10
ionosphere,BALD,147,0.9524822695035461,0.01922030886447076,10
ionosphere,BALD,148,0.9531914893617021,0.019835628334187255,10
ionosphere,BALD,149,0.9531914893617021,0.019835628334187255,10
ionosphere,BALD,150,0.9524822695035461,0.01922030886447076,10
ionosphere,BALD,151,0.9524822695035461,0.01922030886447076,10
ionosphere,BALD,152,0.9524822695035461,0.01922030886447076,10
ionosphere,BALD,153,0.9531914893617021,0.019835628334187255,10
ionosphere,BALD,154,0.9531914893617021,0.019835628334187255,10
ionosphere,BALD,155,0.9531914893617021,0.019835628334187255,10
ionosphere,BALD,156,0.9531914893617021,0.019835628334187255,10
ionosphere,BALD,157,0.9531914893617021,0.019835628334187255,10
ionosphere,BALD,158,0.9531914893617021,0.019835628334187255,10
ionosphere,BALD,159,0.9531914893617021,0.019835628334187255,10
ionosphere,BALD,160,0.9531914893617021,0.019835628334187255,10
ionosphere,BALD,161,0.9531914893617021,0.019835628334187255,10
ionosphere,BALD,162,0.9531914893617021,0.019835628334187255,10
ionosphere,BALD,163,0.9531914893617021,0.019835628334187255,10
ionosphere,BALD,164,0.9531914893617021,0.019835628334187255,10
ionosphere,BALD,165,0.9531914893617021,0.019835628334187255,10
ionosphere,BALD,166,0.9531914893617021,0.019835628334187255,10
ionosphere,BALD,167,0.9531914893617021,0.019835628334187255,10
ionosphere,BALD,168,0.9531914893617021,0.019835628334187255,10
ionosphere,BALD,169,0.9539007092198581,0.019566129263885155,10
ionosphere,BALD,170,0.9539007092198581,0.019566129263885155,10
ionosphere,BALD,171,0.9539007092198581,0.019566129263885155,10
ionosphere,BALD,172,0.9531914893617021,0.019835628334187255,10
ionosphere,BALD,173,0.9539007092198581,0.018986262889135935,10
ionosphere,BALD,174,0.951063829787234,0.018143341706241014,10
ionosphere,BALD,175,0.951063829787234,0.018143341706241014,10
ionosphere,BALD,176,0.951063829787234,0.018143341706241014,10
ionosphere,BALD,177,0.951063829787234,0.018143341706241014,10
ionosphere,BALD,178,0.950354609929078,0.018614675825087003,10
ionosphere,BALD,179,0.950354609929078,0.018614675825087003,10
ionosphere,BALD,180,0.950354609929078,0.018614675825087003,10
ionosphere,BALD,181,0.949645390070922,0.019336269547686535,10
ionosphere,BALD,182,0.949645390070922,0.019336269547686535,10
ionosphere,BALD,183,0.949645390070922,0.019336269547686535,10
ionosphere,BALD,184,0.948936170212766,0.02028142845345361,10
ionosphere,BALD,185,0.948936170212766,0.02028142845345361,10
ionosphere,BALD,186,0.948936170212766,0.02028142845345361,10
ionosphere,BALD,187,0.948936170212766,0.02028142845345361,10
ionosphere,BALD,188,0.949645390070922,0.019623173493567007,10
ionosphere,BALD,189,0.949645390070922,0.019623173493567007,10
ionosphere,BALD,190,0.949645390070922,0.019623173493567007,10
ionosphere,BALD,191,0.949645390070922,0.019623173493567007,10
ionosphere,BALD,192,0.949645390070922,0.019623173493567007,10
ionosphere,BALD,193,0.949645390070922,0.019623173493567007,10
ionosphere,BALD,194,0.949645390070922,0.019623173493567007,10
ionosphere,BALD,195,0.949645390070922,0.019623173493567007,10
ionosphere,BALD,196,0.949645390070922,0.019623173493567007,10
ionosphere,BALD,197,0.949645390070922,0.019623173493567007,10
ionosphere,BALD,198,0.949645390070922,0.019623173493567007,10
ionosphere,BALD,199,0.948936170212766,0.018250835995856973,10
ionosphere,BALD,200,0.948936170212766,0.018250835995856973,10
ionosphere,BALD,201,0.948936170212766,0.018250835995856973,10
ionosphere,BALD,202,0.948936170212766,0.018250835995856973,10
ionosphere,BALD,203,0.948936170212766,0.018250835995856973,10
ionosphere,BALD,204,0.948936170212766,0.018250835995856973,10
ionosphere,BALD,205,0.948936170212766,0.018250835995856973,10
ionosphere,BALD,206,0.948936170212766,0.018250835995856973,10
ionosphere,BALD,207,0.948936170212766,0.018250835995856973,10
ionosphere,BALD,208,0.948936170212766,0.018250835995856973,10
ionosphere,BALD,209,0.948936170212766,0.018250835995856973,10
ionosphere,BALD,210,0.948936170212766,0.018250835995856973,10
ionosphere,Core-Set,20,0.8312056737588651,0.06408228437896621,20
ionosphere,Core-Set,21,0.8390070921985815,0.04816213284702455,20
ionosphere,Core-Set,22,0.8460992907801419,0.05010188460525892,20
ionosphere,Core-Set,23,0.8560283687943262,0.04091017456212331,20
ionosphere,Core-Set,24,0.8588652482269504,0.041219616156873265,20
ionosphere,Core-Set,25,0.8645390070921986,0.034199278402838464,20
ionosphere,Core-Set,26,0.8702127659574469,0.030361167672922938,20
ionosphere,Core-Set,27,0.8687943262411346,0.029512230610887574,20
ionosphere,Core-Set,28,0.873758865248227,0.03378652008263153,20
ionosphere,Core-Set,29,0.8730496453900709,0.03450752508929984,20
ionosphere,Core-Set,30,0.8787234042553191,0.03541617174865278,20
ionosphere,Core-Set,31,0.8829787234042554,0.023746187276698662,20
ionosphere,Core-Set,32,0.8872340425531915,0.030604338803885384,20
ionosphere,Core-Set,33,0.8872340425531915,0.028638139059601612,20
ionosphere,Core-Set,34,0.8865248226950355,0.0310423633987186,20
ionosphere,Core-Set,35,0.8879432624113475,0.03066483028508259,20
ionosphere,Core-Set,36,0.8858156028368794,0.030604338803885356,20
ionosphere,Core-Set,37,0.8851063829787235,0.03620715530671384,20
ionosphere,Core-Set,38,0.8893617021276595,0.021634418035969424,20
ionosphere,Core-Set,39,0.8907801418439716,0.02351090431715243,20
ionosphere,Core-Set,40,0.8914893617021276,0.023021632847345052,20
ionosphere,Core-Set,41,0.8872340425531915,0.029726737835465446,20
ionosphere,Core-Set,42,0.8936170212765957,0.035047986843764124,20
ionosphere,Core-Set,43,0.8950354609929079,0.034866232877848735,20
ionosphere,Core-Set,44,0.8921985815602836,0.039427306620072995,20
ionosphere,Core-Set,45,0.8929078014184396,0.040178877262371945,20
ionosphere,Core-Set,46,0.8914893617021276,0.041679471160810284,20
ionosphere,Core-Set,47,0.8921985815602836,0.03996085329845774,20
ionosphere,Core-Set,48,0.9042553191489361,0.03432290927471587,20
ionosphere,Core-Set,49,0.9042553191489361,0.03493450142921731,20
ionosphere,Core-Set,50,0.900709219858156,0.03638221106684944,20
ionosphere,Core-Set,51,0.9049645390070922,0.035528118624868814,20
ionosphere,Core-Set,52,0.9042553191489361,0.03142378558442849,20
ionosphere,Core-Set,53,0.902836879432624,0.030879903970609242,20
ionosphere,Core-Set,54,0.902836879432624,0.02893243723587979,20
ionosphere,Core-Set,55,0.9063829787234041,0.020529369835060936,20
ionosphere,Core-Set,56,0.9078014184397164,0.022778867192821736,20
ionosphere,Core-Set,57,0.9085106382978724,0.02807801706008408,20
ionosphere,Core-Set,58,0.924113475177305,0.026844056690116695,20
ionosphere,Core-Set,59,0.924113475177305,0.027040575101855743,20
ionosphere,Core-Set,60,0.925531914893617,0.02785081426669767,20
ionosphere,Core-Set,61,0.924113475177305,0.02704057510185575,20
ionosphere,Core-Set,62,0.926241134751773,0.027458327419772693,20
ionosphere,Core-Set,63,0.9312056737588653,0.015958483645963976,20
ionosphere,Core-Set,64,0.9312056737588653,0.015280528648076793,20
ionosphere,Core-Set,65,0.9319148936170214,0.019847488202711313,20
ionosphere,Core-Set,66,0.9319148936170214,0.020112486425443936,20
ionosphere,Core-Set,67,0.9326241134751774,0.020387027703503393,20
ionosphere,Core-Set,68,0.9361702127659575,0.01491226902235028,20
ionosphere,Core-Set,69,0.9361702127659575,0.013417096495417282,20
ionosphere,Core-Set,70,0.9390070921985816,0.014625467841728211,20
ionosphere,Core-Set,71,0.9382978723404255,0.016924572876418666,20
ionosphere,Core-Set,72,0.9368794326241134,0.017049249131617733,20
ionosphere,Core-Set,73,0.9333333333333333,0.01758431715767055,20
ionosphere,Core-Set,74,0.9340425531914894,0.018132800558016842,20
ionosphere,Core-Set,75,0.9312056737588653,0.019807432686197123,20
ionosphere,Core-Set,76,0.9319148936170214,0.019030365765955688,20
ionosphere,Core-Set,77,0.9304964539007091,0.018059654634366356,20
ionosphere,Core-Set,78,0.9333333333333333,0.019578903587787105,20
ionosphere,Core-Set,79,0.9312056737588653,0.017838417357487566,20
ionosphere,Core-Set,80,0.9347517730496454,0.019740492877686817,20
ionosphere,Core-Set,81,0.9354609929078015,0.01909979454733175,20
ionosphere,Core-Set,82,0.9390070921985816,0.019306582904360912,20
ionosphere,Core-Set,83,0.9375886524822695,0.018350489033524223,20
ionosphere,Core-Set,84,0.9397163120567376,0.017897681365788537,20
ionosphere,Core-Set,85,0.9404255319148935,0.014983111554224262,20
ionosphere,Core-Set,86,0.9411347517730496,0.018422480243814026,20
ionosphere,Core-Set,87,0.9418439716312056,0.021536302255780102,20
ionosphere,Core-Set,88,0.9425531914893617,0.019914068356842334,20
ionosphere,Core-Set,89,0.9432624113475179,0.019251656525909107,20
ionosphere,Core-Set,90,0.9432624113475179,0.017823570565604064,20
ionosphere,Core-Set,91,0.9432624113475179,0.018974639831487613,20
ionosphere,Core-Set,92,0.9425531914893617,0.02017819220787361,20
ionosphere,Core-Set,93,0.9425531914893617,0.021938201762592285,20
ionosphere,Core-Set,94,0.9446808510638298,0.020529369835060932,20
ionosphere,Core-Set,95,0.946808510638298,0.018479871287027338,20
ionosphere,Core-Set,96,0.9460992907801419,0.01728059280362348,20
ionosphere,Core-Set,97,0.9446808510638298,0.015875322664886966,20
ionosphere,Core-Set,98,0.9439716312056738,0.015418504618394608,20
ionosphere,Core-Set,99,0.9446808510638298,0.015538228581706845,20
ionosphere,Core-Set,100,0.9460992907801419,0.01533241514254131,20
ionosphere,Core-Set,101,0.9432624113475179,0.016270619423444096,20
ionosphere,Core-Set,102,0.9425531914893618,0.015418504618394599,20
ionosphere,Core-Set,103,0.9397163120567376,0.019860822089470737,20
ionosphere,Core-Set,104,0.9411347517730496,0.019807432686197078,20
ionosphere,Core-Set,105,0.9418439716312056,0.021038860956299747,20
ionosphere,Core-Set,106,0.9425531914893617,0.020950594443800357,20
ionosphere,Core-Set,107,0.9411347517730496,0.018707674911399852,20
ionosphere,Core-Set,108,0.9404255319148935,0.019306582904360867,20
ionosphere,Core-Set,109,0.9425531914893617,0.020950594443800354,20
ionosphere,Core-Set,110,0.9432624113475179,0.020836559517660114,20
ionosphere,Core-Set,111,0.9432624113475179,0.020836559517660114,20
ionosphere,Core-Set,112,0.9432624113475179,0.02254523160961777,20
ionosphere,Core-Set,113,0.9432624113475179,0.02254523160961777,20
ionosphere,Core-Set,114,0.9425531914893618,0.02652659917839363,20
ionosphere,Core-Set,115,0.9425531914893618,0.026526599178393628,20
ionosphere,Core-Set,116,0.9425531914893618,0.026526599178393628,20
ionosphere,Core-Set,117,0.9453900709219859,0.022082533594004757,20
ionosphere,Core-Set,118,0.9432624113475179,0.024782669164162503,20
ionosphere,Core-Set,119,0.9432624113475179,0.025622997091049662,20
ionosphere,Core-Set,120,0.9439716312056738,0.02401225930412063,20
ionosphere,Core-Set,121,0.9446808510638298,0.02249821334861787,20
ionosphere,Core-Set,122,0.9460992907801419,0.023284615082783632,20
ionosphere,Core-Set,123,0.9453900709219859,0.022790486100587124,20
ionosphere,Core-Set,124,0.9446808510638298,0.02273233217549028,20
ionosphere,Core-Set,125,0.9482269503546099,0.022556970861446646,20
ionosphere,Core-Set,126,0.9482269503546099,0.021351119950945,20
ionosphere,Core-Set,127,0.9482269503546099,0.02184145067694558,20
ionosphere,Core-Set,128,0.948936170212766,0.021038860956299737,20
ionosphere,Core-Set,129,0.9482269503546099,0.02184145067694558,20
ionosphere,Core-Set,130,0.948936170212766,0.021038860956299737,20
ionosphere,Core-Set,131,0.948936170212766,0.021038860956299737,20
ionosphere,Core-Set,132,0.948936170212766,0.021038860956299737,20
ionosphere,Core-Set,133,0.950354609929078,0.021089133097163912,20
ionosphere,Core-Set,134,0.949645390070922,0.02120180958799272,20
ionosphere,Core-Set,135,0.950354609929078,0.02133871732430974,20
ionosphere,Core-Set,136,0.948936170212766,0.0200069083396437,20
ionosphere,Core-Set,137,0.95177304964539,0.015875322664886945,20
ionosphere,Core-Set,138,0.95177304964539,0.015875322664886945,20
ionosphere,Core-Set,139,0.95177304964539,0.015875322664886945,20
ionosphere,Core-Set,140,0.9524822695035461,0.014930011169044438,20
ionosphere,Core-Set,141,0.9524822695035461,0.014930011169044438,20
ionosphere,Core-Set,142,0.95177304964539,0.013729163709886312,20
ionosphere,Core-Set,143,0.9524822695035461,0.013036817948536391,20
ionosphere,Core-Set,144,0.95177304964539,0.013337938893095778,20
ionosphere,Core-Set,145,0.951063829787234,0.013977589049612452,20
ionosphere,Core-Set,146,0.951063829787234,0.013977589049612452,20
ionosphere,Core-Set,147,0.951063829787234,0.013977589049612452,20
ionosphere,Core-Set,148,0.950354609929078,0.01341709649541726,20
ionosphere,Core-Set,149,0.950354609929078,0.01341709649541726,20
ionosphere,Core-Set,150,0.950354609929078,0.01341709649541726,20
ionosphere,Core-Set,151,0.95177304964539,0.014841088334201315,20
ionosphere,Core-Set,152,0.9524822695035461,0.015280528648076733,20
ionosphere,Core-Set,153,0.9531914893617021,0.015332415142541309,20
ionosphere,Core-Set,154,0.9531914893617021,0.015332415142541309,20
ionosphere,Core-Set,155,0.9531914893617021,0.015332415142541309,20
ionosphere,Core-Set,156,0.9524822695035461,0.01595848364596395,20
ionosphere,Core-Set,157,0.9524822695035461,0.014930011169044443,20
ionosphere,Core-Set,158,0.95177304964539,0.01553822858170682,20
ionosphere,Core-Set,159,0.95177304964539,0.01553822858170682,20
ionosphere,Core-Set,160,0.9524822695035461,0.016608788179524207,20
ionosphere,Core-Set,161,0.9524822695035461,0.016608788179524207,20
ionosphere,Core-Set,162,0.951063829787234,0.01541850461839457,20
ionosphere,Core-Set,163,0.951063829787234,0.01541850461839457,20
ionosphere,Core-Set,164,0.949645390070922,0.01575816001074863,20
ionosphere,Core-Set,165,0.949645390070922,0.01575816001074863,20
ionosphere,Core-Set,166,0.950354609929078,0.017219205068564065,20
ionosphere,Core-Set,167,0.9482269503546099,0.019265402801509846,20
ionosphere,Core-Set,168,0.9475177304964539,0.019847488202711275,20
ionosphere,Core-Set,169,0.9482269503546099,0.019538297452985135,20
ionosphere,Core-Set,170,0.9482269503546099,0.019538297452985135,20
ionosphere,Core-Set,171,0.9482269503546099,0.019538297452985135,20
ionosphere,Core-Set,172,0.9475177304964539,0.019847488202711275,20
ionosphere,Core-Set,173,0.9475177304964539,0.019847488202711275,20
ionosphere,Core-Set,174,0.9475177304964539,0.019847488202711275,20
ionosphere,Core-Set,175,0.9482269503546099,0.019538297452985135,20
ionosphere,Core-Set,176,0.9482269503546099,0.019538297452985135,20
ionosphere,Core-Set,177,0.9482269503546099,0.019538297452985135,20
ionosphere,Core-Set,178,0.9482269503546099,0.019538297452985135,20
ionosphere,Core-Set,179,0.9482269503546099,0.019538297452985135,20
ionosphere,Core-Set,180,0.9482269503546099,0.019538297452985135,20
ionosphere,Core-Set,181,0.9482269503546099,0.019538297452985135,20
ionosphere,Core-Set,182,0.948936170212766,0.018636785399483283,20
ionosphere,Core-Set,183,0.948936170212766,0.018636785399483283,20
ionosphere,Core-Set,184,0.949645390070922,0.01795674978170251,20
ionosphere,Core-Set,185,0.949645390070922,0.01795674978170251,20
ionosphere,Core-Set,186,0.948936170212766,0.01891874975476169,20
ionosphere,Core-Set,187,0.948936170212766,0.01891874975476169,20
ionosphere,Core-Set,188,0.949645390070922,0.019099794547331708,20
ionosphere,Core-Set,189,0.949645390070922,0.019099794547331708,20
ionosphere,Core-Set,190,0.948936170212766,0.017764059312434376,20
ionosphere,Core-Set,191,0.948936170212766,0.017764059312434376,20
ionosphere,Core-Set,192,0.948936170212766,0.017764059312434376,20
ionosphere,Core-Set,193,0.948936170212766,0.017764059312434376,20
ionosphere,Core-Set,194,0.948936170212766,0.017764059312434376,20
ionosphere,Core-Set,195,0.948936170212766,0.017764059312434376,20
ionosphere,Core-Set,196,0.948936170212766,0.017764059312434376,20
ionosphere,Core-Set,197,0.948936170212766,0.017764059312434376,20
ionosphere,Core-Set,198,0.948936170212766,0.017764059312434376,20
ionosphere,Core-Set,199,0.948936170212766,0.017764059312434376,20
ionosphere,Core-Set,200,0.948936170212766,0.017764059312434376,20
ionosphere,Core-Set,201,0.948936170212766,0.017764059312434376,20
ionosphere,Core-Set,202,0.948936170212766,0.017764059312434376,20
ionosphere,Core-Set,203,0.948936170212766,0.017764059312434376,20
ionosphere,Core-Set,204,0.948936170212766,0.017764059312434376,20
ionosphere,Core-Set,205,0.948936170212766,0.017764059312434376,20
ionosphere,Core-Set,206,0.948936170212766,0.017764059312434376,20
ionosphere,Core-Set,207,0.948936170212766,0.017764059312434376,20
ionosphere,Core-Set,208,0.948936170212766,0.017764059312434376,20
ionosphere,Core-Set,209,0.948936170212766,0.017764059312434376,20
ionosphere,Core-Set,210,0.948936170212766,0.017764059312434376,20
ionosphere,Random,20,0.8312056737588651,0.06408228437896621,20
ionosphere,Random,21,0.8340425531914895,0.06303264004299462,20
ionosphere,Random,22,0.8333333333333334,0.05777788367090333,20
ionosphere,Random,23,0.8404255319148936,0.04593389227670322,20
ionosphere,Random,24,0.8468085106382979,0.044642025589672854,20
ionosphere,Random,25,0.850354609929078,0.043834147915921835,20
ionosphere,Random,26,0.848936170212766,0.04230986796870591,20
ionosphere,Random,27,0.8546099290780141,0.0479638432604396,20
ionosphere,Random,28,0.8560283687943262,0.03398184209420071,20
ionosphere,Random,29,0.8539007092198581,0.0341605519965739,20
ionosphere,Random,30,0.8617021276595744,0.03975495373966195,20
ionosphere,Random,31,0.8652482269503545,0.04064399429284419,20
ionosphere,Random,32,0.8666666666666666,0.03819958909466343,20
ionosphere,Random,33,0.8836879432624114,0.041571353024967166,20
ionosphere,Random,34,0.8851063829787235,0.03561742279246058,20
ionosphere,Random,35,0.8865248226950355,0.03808854354258783,20
ionosphere,Random,36,0.8858156028368794,0.03357429603502125,20
ionosphere,Random,37,0.8914893617021276,0.03505553947543108,20
ionosphere,Random,38,0.8950354609929079,0.037216707957620505,20
ionosphere,Random,39,0.898581560283688,0.03609731435594376,20
ionosphere,Random,40,0.8992907801418439,0.03707416929542608,20
ionosphere,Random,41,0.8992907801418439,0.0340984982632354,20
ionosphere,Random,42,0.902127659574468,0.03331307509857589,20
ionosphere,Random,43,0.9078014184397164,0.03204940340972855,20
ionosphere,Random,44,0.902836879432624,0.0336687829836688,20
ionosphere,Random,45,0.9049645390070922,0.03416055199657389,20
ionosphere,Random,46,0.9063829787234043,0.03516863431534104,20
ionosphere,Random,47,0.9042553191489361,0.03209067761023043,20
ionosphere,Random,48,0.9063829787234043,0.028886650789662297,20
ionosphere,Random,49,0.9092198581560285,0.028517712904966495,20
ionosphere,Random,50,0.9056737588652481,0.03335278553715689,20
ionosphere,Random,51,0.9092198581560285,0.0339428676094252,20
ionosphere,Random,52,0.9085106382978724,0.03630208196331838,20
ionosphere,Random,53,0.9092198581560285,0.0366432266889149,20
ionosphere,Random,54,0.9099290780141844,0.03475215393899639,20
ionosphere,Random,55,0.9120567375886525,0.03462241007615349,20
ionosphere,Random,56,0.9177304964539006,0.027650480410805593,20
ionosphere,Random,57,0.9212765957446809,0.0267254520303784,20
ionosphere,Random,58,0.9198581560283688,0.027429388370011198,20
ionosphere,Random,59,0.9184397163120567,0.028228469668614604,20
ionosphere,Random,60,0.9205673758865249,0.026794701883356954,20
ionosphere,Random,61,0.9184397163120567,0.025880004496697202,20
ionosphere,Random,62,0.9212765957446809,0.027506491511199056,20
ionosphere,Random,63,0.925531914893617,0.021151805250477333,20
ionosphere,Random,64,0.924822695035461,0.0211392856842722,20
ionosphere,Random,65,0.922695035460993,0.02069633023730768,20
ionosphere,Random,66,0.924822695035461,0.022118469392543517,20
ionosphere,Random,67,0.925531914893617,0.021151805250477333,20
ionosphere,Random,68,0.926241134751773,0.019578903587787088,20
ionosphere,Random,69,0.926241134751773,0.020374038197435686,20
ionosphere,Random,70,0.925531914893617,0.023067584256036406,20
ionosphere,Random,71,0.922695035460993,0.02530068241035688,20
ionosphere,Random,72,0.924822695035461,0.025664291230800055,20
ionosphere,Random,73,0.9212765957446809,0.028265957692660534,20
ionosphere,Random,74,0.9205673758865249,0.026991579636525098,20
ionosphere,Random,75,0.9219858156028369,0.02799303211534554,20
ionosphere,Random,76,0.9234042553191489,0.02699157963652508,20
ionosphere,Random,77,0.9191489361702129,0.030561057296153535,20
ionosphere,Random,78,0.9184397163120568,0.03004562734244232,20
ionosphere,Random,79,0.9163120567375886,0.030491679097026096,20
ionosphere,Random,80,0.9184397163120568,0.03175898211482759,20
ionosphere,Random,81,0.9170212765957446,0.030186274699048894,20
ionosphere,Random,82,0.9205673758865249,0.02851771290496649,20
ionosphere,Random,83,0.9234042553191489,0.02452495676228704,20
ionosphere,Random,84,0.9212765957446809,0.025509093529301356,20
ionosphere,Random,85,0.9177304964539006,0.026476652609552627,20
ionosphere,Random,86,0.9184397163120567,0.026486649458166197,20
ionosphere,Random,87,0.9184397163120567,0.025880004496697234,20
ionosphere,Random,88,0.9198581560283688,0.027812766688460003,20
ionosphere,Random,89,0.9198581560283688,0.027812766688460003,20
ionosphere,Random,90,0.9205673758865249,0.028331442375445555,20
ionosphere,Random,91,0.924822695035461,0.028219089881125693,20
ionosphere,Random,92,0.9234042553191489,0.029789011482901032,20
ionosphere,Random,93,0.926241134751773,0.028219089881125693,20
ionosphere,Random,94,0.925531914893617,0.028601138864487553,20
ionosphere,Random,95,0.9276595744680851,0.024089310070615228,20
ionosphere,Random,96,0.9290780141843971,0.024351633341246893,20
ionosphere,Random,97,0.9290780141843971,0.024351633341246893,20
ionosphere,Random,98,0.9304964539007091,0.02386850513587606,20
ionosphere,Random,99,0.9297872340425531,0.023790739261978097,20
ionosphere,Random,100,0.9340425531914894,0.022556970861446653,20
ionosphere,Random,101,0.9347517730496454,0.02103886095629976,20
ionosphere,Random,102,0.9319148936170214,0.021877782474738663,20
ionosphere,Random,103,0.9333333333333333,0.022356565266735098,20
ionosphere,Random,104,0.9340425531914894,0.02059374556482952,20
ionosphere,Random,105,0.9319148936170214,0.022118469392543524,20
ionosphere,Random,106,0.9354609929078015,0.020178192207873626,20
ionosphere,Random,107,0.9347517730496454,0.021536302255780102,20
ionosphere,Random,108,0.9347517730496454,0.021536302255780102,20
ionosphere,Random,109,0.9354609929078015,0.020438903175923947,20
ionosphere,Random,110,0.9354609929078015,0.020438903175923947,20
ionosphere,Random,111,0.9354609929078015,0.020438903175923947,20
ionosphere,Random,112,0.9361702127659575,0.019524743308132912,20
ionosphere,Random,113,0.9361702127659575,0.019524743308132912,20
ionosphere,Random,114,0.9368794326241134,0.019099794547331718,20
ionosphere,Random,115,0.9368794326241134,0.019099794547331718,20
ionosphere,Random,116,0.9347517730496454,0.018350489033524195,20
ionosphere,Random,117,0.9354609929078015,0.018249224229527572,20
ionosphere,Random,118,0.9354609929078015,0.018249224229527572,20
ionosphere,Random,119,0.9397163120567376,0.022603866901385116,20
ionosphere,Random,120,0.9418439716312056,0.021289034562314374,20
ionosphere,Random,121,0.9411347517730496,0.02033501989504886,20
ionosphere,Random,122,0.9411347517730496,0.01783841735748753,20
ionosphere,Random,123,0.9397163120567376,0.01932029010019788,20
ionosphere,Random,124,0.9361702127659575,0.01952474330813293,20
ionosphere,Random,125,0.9354609929078015,0.020178192207873633,20
ionosphere,Random,126,0.9361702127659575,0.01952474330813293,20
ionosphere,Random,127,0.9361702127659575,0.01869351851519063,20
ionosphere,Random,128,0.9340425531914894,0.018422480243814012,20
ionosphere,Random,129,0.9347517730496454,0.018350489033524202,20
ionosphere,Random,130,0.9333333333333333,0.019847488202711303,20
ionosphere,Random,131,0.9347517730496454,0.018350489033524195,20
ionosphere,Random,132,0.9368794326241134,0.01991406835684233,20
ionosphere,Random,133,0.9368794326241134,0.01937502190985046,20
ionosphere,Random,134,0.9354609929078015,0.02095059444380037,20
ionosphere,Random,135,0.9354609929078015,0.021201809587992726,20
ionosphere,Random,136,0.9354609929078015,0.021201809587992726,20
ionosphere,Random,137,0.9375886524822695,0.020006908339643706,20
ionosphere,Random,138,0.9375886524822695,0.019740492877686804,20
ionosphere,Random,139,0.9375886524822695,0.020006908339643713,20
ionosphere,Random,140,0.9382978723404255,0.01953829745298516,20
ionosphere,Random,141,0.9382978723404255,0.01953829745298516,20
ionosphere,Random,142,0.9411347517730496,0.01953829745298515,20
ionosphere,Random,143,0.9418439716312056,0.020006908339643706,20
ionosphere,Random,144,0.9439716312056738,0.017357022158448407,20
ionosphere,Random,145,0.9425531914893617,0.017956749781702513,20
ionosphere,Random,146,0.9432624113475179,0.017523993421882048,20
ionosphere,Random,147,0.9439716312056738,0.017049249131617688,20
ionosphere,Random,148,0.9439716312056738,0.017049249131617684,20
ionosphere,Random,149,0.9432624113475179,0.017823570565604057,20
ionosphere,Random,150,0.9425531914893617,0.01882054275235919,20
ionosphere,Random,151,0.9432624113475179,0.01811819499740438,20
ionosphere,Random,152,0.9425531914893617,0.01824922422952755,20
ionosphere,Random,153,0.9425531914893617,0.01824922422952755,20
ionosphere,Random,154,0.9425531914893617,0.01824922422952755,20
ionosphere,Random,155,0.9425531914893617,0.019099794547331708,20
ionosphere,Random,156,0.9418439716312056,0.019196572989473887,20
ionosphere,Random,157,0.9418439716312056,0.019196572989473887,20
ionosphere,Random,158,0.9418439716312056,0.019196572989473887,20
ionosphere,Random,159,0.9411347517730496,0.01953829745298516,20
ionosphere,Random,160,0.9418439716312056,0.0189187497547617,20
ionosphere,Random,161,0.9404255319148935,0.01788288377635016,20
ionosphere,Random,162,0.9404255319148935,0.01788288377635016,20
ionosphere,Random,163,0.9397163120567376,0.018191105533424706,20
ionosphere,Random,164,0.9390070921985816,0.0175843171576705,20
ionosphere,Random,165,0.9390070921985816,0.0175843171576705,20
ionosphere,Random,166,0.9390070921985816,0.0175843171576705,20
ionosphere,Random,167,0.9404255319148935,0.018750079971273575,20
ionosphere,Random,168,0.9425531914893617,0.016735817090750733,20
ionosphere,Random,169,0.9411347517730496,0.017234572501402742,20
ionosphere,Random,170,0.9418439716312056,0.01684618165890953,20
ionosphere,Random,171,0.9418439716312056,0.01684618165890953,20
ionosphere,Random,172,0.9418439716312056,0.017764059312434383,20
ionosphere,Random,173,0.9432624113475179,0.017823570565604043,20
ionosphere,Random,174,0.9432624113475179,0.017823570565604043,20
ionosphere,Random,175,0.9425531914893617,0.016416401902918973,20
ionosphere,Random,176,0.9418439716312056,0.01746346131208772,20
ionosphere,Random,177,0.9425531914893617,0.017049249131617684,20
ionosphere,Random,178,0.9425531914893617,0.017049249131617684,20
ionosphere,Random,179,0.9425531914893617,0.017049249131617684,20
ionosphere,Random,180,0.9425531914893617,0.017049249131617684,20
ionosphere,Random,181,0.9432624113475179,0.01840810452547659,20
ionosphere,Random,182,0.9439716312056738,0.018537084647713024,20
ionosphere,Random,183,0.9432624113475179,0.01897463983148762,20
ionosphere,Random,184,0.9425531914893617,0.019646393976098686,20
ionosphere,Random,185,0.9418439716312056,0.018350489033524185,20
ionosphere,Random,186,0.9418439716312056,0.018350489033524185,20
ionosphere,Random,187,0.9411347517730496,0.019538297452985163,20
ionosphere,Random,188,0.9418439716312056,0.019470432373142103,20
ionosphere,Random,189,0.9411347517730496,0.02007295971886385,20
ionosphere,Random,190,0.9411347517730496,0.02007295971886385,20
ionosphere,Random,191,0.9411347517730496,0.02007295971886385,20
ionosphere,Random,192,0.9411347517730496,0.02007295971886385,20
ionosphere,Random,193,0.9439716312056738,0.01641640190291898,20
ionosphere,Random,194,0.9453900709219859,0.015958483645963945,20
ionosphere,Random,195,0.9446808510638298,0.01652889936529585,20
ionosphere,Random,196,0.9453900709219859,0.016608788179524214,20
ionosphere,Random,197,0.9453900709219859,0.016608788179524214,20
ionosphere,Random,198,0.9460992907801419,0.015673936211434956,20
ionosphere,Random,199,0.9475177304964539,0.016008172869413737,20
ionosphere,Random,200,0.9475177304964539,0.01600817286941373,20
ionosphere,Random,201,0.9475177304964539,0.01600817286941373,20
ionosphere,Random,202,0.948936170212766,0.017764059312434376,20
ionosphere,Random,203,0.948936170212766,0.017764059312434376,20
ionosphere,Random,204,0.948936170212766,0.017764059312434376,20
ionosphere,Random,205,0.950354609929078,0.015941886154582,20
ionosphere,Random,206,0.949645390070922,0.01673581709075072,20
ionosphere,Random,207,0.949645390070922,0.01673581709075072,20
ionosphere,Random,208,0.949645390070922,0.01673581709075072,20
ionosphere,Random,209,0.948936170212766,0.017764059312434376,20
ionosphere,Random,210,0.948936170212766,0.017764059312434376,20
ionosphere,Uncertainty Sampling (US),20,0.8312056737588651,0.06325538155004203,40
ionosphere,Uncertainty Sampling (US),21,0.8439716312056739,0.07073990082757463,40
ionosphere,Uncertainty Sampling (US),22,0.851063829787234,0.058966931372024814,40
ionosphere,Uncertainty Sampling (US),23,0.8638297872340426,0.05025731516153991,40
ionosphere,Uncertainty Sampling (US),24,0.8702127659574469,0.04829429526605857,40
ionosphere,Uncertainty Sampling (US),25,0.871631205673759,0.04812307630823097,40
ionosphere,Uncertainty Sampling (US),26,0.871631205673759,0.040560737137006586,40
ionosphere,Uncertainty Sampling (US),27,0.8702127659574469,0.041640202775545115,40
ionosphere,Uncertainty Sampling (US),28,0.8843971631205674,0.043813547086598376,40
ionosphere,Uncertainty Sampling (US),29,0.8822695035460993,0.043948747191006186,40
ionosphere,Uncertainty Sampling (US),30,0.8907801418439716,0.04153476081779132,40
ionosphere,Uncertainty Sampling (US),31,0.8992907801418439,0.04148504833939302,40
ionosphere,Uncertainty Sampling (US),32,0.8971631205673759,0.04129184718443846,40
ionosphere,Uncertainty Sampling (US),33,0.902836879432624,0.04151612561421312,40
ionosphere,Uncertainty Sampling (US),34,0.9085106382978724,0.03187142176810497,40
ionosphere,Uncertainty Sampling (US),35,0.9163120567375886,0.020767380408895655,40
ionosphere,Uncertainty Sampling (US),36,0.9177304964539006,0.02785495733687405,40
ionosphere,Uncertainty Sampling (US),37,0.9205673758865249,0.028149726998969303,40
ionosphere,Uncertainty Sampling (US),38,0.925531914893617,0.02841422076738899,40
ionosphere,Uncertainty Sampling (US),39,0.9312056737588652,0.022032987659600118,40
ionosphere,Uncertainty Sampling (US),40,0.9283687943262411,0.017431558867651322,40
ionosphere,Uncertainty Sampling (US),41,0.9276595744680851,0.02266774136156752,40
ionosphere,Uncertainty Sampling (US),42,0.9347517730496454,0.021974373595503076,40
ionosphere,Uncertainty Sampling (US),43,0.9418439716312056,0.019748743867755623,40
ionosphere,Uncertainty Sampling (US),44,0.9404255319148935,0.01850813331907388,40
ionosphere,Uncertainty Sampling (US),45,0.9446808510638298,0.01662880246580925,40
ionosphere,Uncertainty Sampling (US),46,0.9453900709219859,0.01731277343717741,40
ionosphere,Uncertainty Sampling (US),47,0.9411347517730496,0.01731277343717742,40
ionosphere,Uncertainty Sampling (US),48,0.9397163120567376,0.02207976687926686,40
ionosphere,Uncertainty Sampling (US),49,0.9418439716312056,0.020264463642075486,40
ionosphere,Uncertainty Sampling (US),50,0.9418439716312056,0.020264463642075497,40
ionosphere,Uncertainty Sampling (US),51,0.9460992907801419,0.017942000908756764,40
ionosphere,Uncertainty Sampling (US),52,0.9439716312056738,0.01682924960328322,40
ionosphere,Uncertainty Sampling (US),53,0.9482269503546099,0.014383042568473052,40
ionosphere,Uncertainty Sampling (US),54,0.9446808510638298,0.018948864895661673,40
ionosphere,Uncertainty Sampling (US),55,0.951063829787234,0.016204568487399613,40
ionosphere,Uncertainty Sampling (US),56,0.951063829787234,0.018577686864891443,40
ionosphere,Uncertainty Sampling (US),57,0.949645390070922,0.01829788643741588,40
ionosphere,Uncertainty Sampling (US),58,0.9524822695035461,0.016706182141358678,40
ionosphere,Uncertainty Sampling (US),59,0.951063829787234,0.017133051198867075,40
ionosphere,Uncertainty Sampling (US),60,0.949645390070922,0.018297886437415884,40
ionosphere,Uncertainty Sampling (US),61,0.950354609929078,0.01759357937435579,40
ionosphere,Uncertainty Sampling (US),62,0.950354609929078,0.01900323764700945,40
ionosphere,Uncertainty Sampling (US),63,0.951063829787234,0.01801374050282659,40
ionosphere,Uncertainty Sampling (US),64,0.951063829787234,0.018013740502826614,40
ionosphere,Uncertainty Sampling (US),65,0.949645390070922,0.017725040076958486,40
ionosphere,Uncertainty Sampling (US),66,0.949645390070922,0.017725040076958486,40
ionosphere,Uncertainty Sampling (US),67,0.949645390070922,0.018577686864891443,40
ionosphere,Uncertainty Sampling (US),68,0.949645390070922,0.019657101870406212,40
ionosphere,Uncertainty Sampling (US),69,0.9475177304964539,0.0187848023713321,40
ionosphere,Uncertainty Sampling (US),70,0.9475177304964539,0.0187848023713321,40
ionosphere,Uncertainty Sampling (US),71,0.9475177304964539,0.017942000908756757,40
ionosphere,Uncertainty Sampling (US),72,0.9475177304964539,0.019591380851031917,40
ionosphere,Uncertainty Sampling (US),73,0.9460992907801419,0.020111136367618906,40
ionosphere,Uncertainty Sampling (US),74,0.948936170212766,0.018674626627074694,40
ionosphere,Uncertainty Sampling (US),75,0.9475177304964539,0.017942000908756757,40
ionosphere,Uncertainty Sampling (US),76,0.9460992907801419,0.018227265230506197,40
ionosphere,Uncertainty Sampling (US),77,0.9475177304964539,0.017942000908756757,40
ionosphere,Uncertainty Sampling (US),78,0.946808510638298,0.017372267679313328,40
ionosphere,Uncertainty Sampling (US),79,0.948936170212766,0.0172381168865305,40
ionosphere,Uncertainty Sampling (US),80,0.9482269503546099,0.01701218160359346,40
ionosphere,Uncertainty Sampling (US),81,0.9475177304964539,0.016752438387179963,40
ionosphere,Uncertainty Sampling (US),82,0.948936170212766,0.0172381168865305,40
ionosphere,Uncertainty Sampling (US),83,0.9475177304964539,0.017357413236512076,40
ionosphere,Uncertainty Sampling (US),84,0.9482269503546099,0.017608234586704814,40
ionosphere,Uncertainty Sampling (US),85,0.9482269503546099,0.019016806543880802,40
ionosphere,Uncertainty Sampling (US),86,0.948936170212766,0.019485766168688964,40
ionosphere,Uncertainty Sampling (US),87,0.951063829787234,0.01772504007695848,40
ionosphere,Uncertainty Sampling (US),88,0.950354609929078,0.01788440204130823,40
ionosphere,Uncertainty Sampling (US),89,0.95177304964539,0.01894886489566166,40
ionosphere,Uncertainty Sampling (US),90,0.951063829787234,0.020175164343576277,40
ionosphere,Uncertainty Sampling (US),91,0.950354609929078,0.02005976684217155,40
ionosphere,Uncertainty Sampling (US),92,0.9531914893617021,0.018227265230506186,40
ionosphere,Uncertainty Sampling (US),93,0.9531914893617021,0.01765212722128515,40
ionosphere,Uncertainty Sampling (US),94,0.95177304964539,0.01811369860944647,40
ionosphere,Uncertainty Sampling (US),95,0.95177304964539,0.01811369860944647,40
ionosphere,Uncertainty Sampling (US),96,0.9553191489361701,0.016394472256430193,40
ionosphere,Uncertainty Sampling (US),97,0.9539007092198581,0.015488346499267183,40
ionosphere,Uncertainty Sampling (US),98,0.9531914893617021,0.01675243838717995,40
ionosphere,Uncertainty Sampling (US),99,0.9539007092198581,0.017072723366479102,40
ionosphere,Uncertainty Sampling (US),100,0.9531914893617021,0.01675243838717995,40
ionosphere,Uncertainty Sampling (US),101,0.9531914893617021,0.01675243838717995,40
ionosphere,Uncertainty Sampling (US),102,0.9531914893617021,0.01675243838717995,40
ionosphere,Uncertainty Sampling (US),103,0.9524822695035461,0.017312773437177405,40
ionosphere,Uncertainty Sampling (US),104,0.9524822695035461,0.017312773437177405,40
ionosphere,Uncertainty Sampling (US),105,0.9524822695035461,0.017312773437177405,40
ionosphere,Uncertainty Sampling (US),106,0.9524822695035461,0.017312773437177405,40
ionosphere,Uncertainty Sampling (US),107,0.9531914893617021,0.016124781845639844,40
ionosphere,Uncertainty Sampling (US),108,0.9531914893617021,0.016124781845639844,40
ionosphere,Uncertainty Sampling (US),109,0.9524822695035461,0.018466275444187524,40
ionosphere,Uncertainty Sampling (US),110,0.9524822695035461,0.018466275444187524,40
ionosphere,Uncertainty Sampling (US),111,0.9546099290780141,0.017357413236512062,40
ionosphere,Uncertainty Sampling (US),112,0.9539007092198581,0.017072723366479112,40
ionosphere,Uncertainty Sampling (US),113,0.9531914893617021,0.017942000908756757,40
ionosphere,Uncertainty Sampling (US),114,0.9539007092198581,0.017072723366479112,40
ionosphere,Uncertainty Sampling (US),115,0.9539007092198581,0.017072723366479112,40
ionosphere,Uncertainty Sampling (US),116,0.9531914893617021,0.017942000908756757,40
ionosphere,Uncertainty Sampling (US),117,0.9539007092198581,0.01824141134457227,40
ionosphere,Uncertainty Sampling (US),118,0.9531914893617021,0.017942000908756757,40
ionosphere,Uncertainty Sampling (US),119,0.9539007092198581,0.01824141134457227,40
ionosphere,Uncertainty Sampling (US),120,0.9531914893617021,0.017942000908756757,40
ionosphere,Uncertainty Sampling (US),121,0.9531914893617021,0.017942000908756757,40
ionosphere,Uncertainty Sampling (US),122,0.9531914893617021,0.017942000908756757,40
ionosphere,Uncertainty Sampling (US),123,0.9539007092198581,0.01707272336647911,40
ionosphere,Uncertainty Sampling (US),124,0.9539007092198581,0.01707272336647911,40
ionosphere,Uncertainty Sampling (US),125,0.9531914893617021,0.017942000908756757,40
ionosphere,Uncertainty Sampling (US),126,0.95177304964539,0.018113698609446477,40
ionosphere,Uncertainty Sampling (US),127,0.9524822695035461,0.017312773437177395,40
ionosphere,Uncertainty Sampling (US),128,0.9531914893617021,0.017942000908756753,40
ionosphere,Uncertainty Sampling (US),129,0.9524822695035461,0.017312773437177395,40
ionosphere,Uncertainty Sampling (US),130,0.95177304964539,0.018113698609446477,40
ionosphere,Uncertainty Sampling (US),131,0.95177304964539,0.019748743867755613,40
ionosphere,Uncertainty Sampling (US),132,0.95177304964539,0.018113698609446477,40
ionosphere,Uncertainty Sampling (US),133,0.95177304964539,0.018113698609446477,40
ionosphere,Uncertainty Sampling (US),134,0.9524822695035461,0.018466275444187517,40
ionosphere,Uncertainty Sampling (US),135,0.9531914893617021,0.019057455268303682,40
ionosphere,Uncertainty Sampling (US),136,0.9531914893617021,0.019057455268303682,40
ionosphere,Uncertainty Sampling (US),137,0.9524822695035461,0.018466275444187517,40
ionosphere,Uncertainty Sampling (US),138,0.9531914893617021,0.019057455268303682,40
ionosphere,Uncertainty Sampling (US),139,0.9524822695035461,0.018466275444187517,40
ionosphere,Uncertainty Sampling (US),140,0.9524822695035461,0.018466275444187517,40
ionosphere,Uncertainty Sampling (US),141,0.9524822695035461,0.018466275444187517,40
ionosphere,Uncertainty Sampling (US),142,0.9524822695035461,0.018466275444187517,40
ionosphere,Uncertainty Sampling (US),143,0.9524822695035461,0.018466275444187517,40
ionosphere,Uncertainty Sampling (US),144,0.9524822695035461,0.018466275444187517,40
ionosphere,Uncertainty Sampling (US),145,0.9524822695035461,0.018466275444187517,40
ionosphere,Uncertainty Sampling (US),146,0.9524822695035461,0.018466275444187517,40
ionosphere,Uncertainty Sampling (US),147,0.9524822695035461,0.018466275444187517,40
ionosphere,Uncertainty Sampling (US),148,0.9524822695035461,0.018466275444187517,40
ionosphere,Uncertainty Sampling (US),149,0.9531914893617021,0.019057455268303682,40
ionosphere,Uncertainty Sampling (US),150,0.9524822695035461,0.018466275444187517,40
ionosphere,Uncertainty Sampling (US),151,0.9524822695035461,0.018466275444187517,40
ionosphere,Uncertainty Sampling (US),152,0.9531914893617021,0.019057455268303682,40
ionosphere,Uncertainty Sampling (US),153,0.9531914893617021,0.019057455268303682,40
ionosphere,Uncertainty Sampling (US),154,0.9531914893617021,0.019057455268303682,40
ionosphere,Uncertainty Sampling (US),155,0.9531914893617021,0.019057455268303682,40
ionosphere,Uncertainty Sampling (US),156,0.9531914893617021,0.019057455268303682,40
ionosphere,Uncertainty Sampling (US),157,0.9524822695035461,0.018466275444187517,40
ionosphere,Uncertainty Sampling (US),158,0.9524822695035461,0.018466275444187517,40
ionosphere,Uncertainty Sampling (US),159,0.9524822695035461,0.018466275444187517,40
ionosphere,Uncertainty Sampling (US),160,0.9524822695035461,0.018466275444187517,40
ionosphere,Uncertainty Sampling (US),161,0.9524822695035461,0.018466275444187517,40
ionosphere,Uncertainty Sampling (US),162,0.9524822695035461,0.018466275444187517,40
ionosphere,Uncertainty Sampling (US),163,0.9531914893617021,0.019057455268303682,40
ionosphere,Uncertainty Sampling (US),164,0.9531914893617021,0.019057455268303682,40
ionosphere,Uncertainty Sampling (US),165,0.9531914893617021,0.019057455268303682,40
ionosphere,Uncertainty Sampling (US),166,0.9531914893617021,0.019057455268303682,40
ionosphere,Uncertainty Sampling (US),167,0.9531914893617021,0.019057455268303682,40
ionosphere,Uncertainty Sampling (US),168,0.9531914893617021,0.019057455268303682,40
ionosphere,Uncertainty Sampling (US),169,0.9539007092198581,0.0187985289368257,40
ionosphere,Uncertainty Sampling (US),170,0.951063829787234,0.01801374050282661,40
ionosphere,Uncertainty Sampling (US),171,0.951063829787234,0.01801374050282661,40
ionosphere,Uncertainty Sampling (US),172,0.951063829787234,0.01801374050282661,40
ionosphere,Uncertainty Sampling (US),173,0.951063829787234,0.01743155886765128,40
ionosphere,Uncertainty Sampling (US),174,0.951063829787234,0.01743155886765128,40
ionosphere,Uncertainty Sampling (US),175,0.951063829787234,0.01743155886765128,40
ionosphere,Uncertainty Sampling (US),176,0.951063829787234,0.01743155886765128,40
ionosphere,Uncertainty Sampling (US),177,0.951063829787234,0.01743155886765128,40
ionosphere,Uncertainty Sampling (US),178,0.951063829787234,0.01743155886765128,40
ionosphere,Uncertainty Sampling (US),179,0.951063829787234,0.01743155886765128,40
ionosphere,Uncertainty Sampling (US),180,0.951063829787234,0.01743155886765128,40
ionosphere,Uncertainty Sampling (US),181,0.950354609929078,0.017884402041308214,40
ionosphere,Uncertainty Sampling (US),182,0.950354609929078,0.017884402041308214,40
ionosphere,Uncertainty Sampling (US),183,0.950354609929078,0.017884402041308214,40
ionosphere,Uncertainty Sampling (US),184,0.950354609929078,0.017884402041308214,40
ionosphere,Uncertainty Sampling (US),185,0.950354609929078,0.017884402041308214,40
ionosphere,Uncertainty Sampling (US),186,0.950354609929078,0.017884402041308214,40
ionosphere,Uncertainty Sampling (US),187,0.950354609929078,0.017884402041308214,40
ionosphere,Uncertainty Sampling (US),188,0.948936170212766,0.01948576616868895,40
ionosphere,Uncertainty Sampling (US),189,0.948936170212766,0.01948576616868895,40
ionosphere,Uncertainty Sampling (US),190,0.949645390070922,0.018853335259930847,40
ionosphere,Uncertainty Sampling (US),191,0.949645390070922,0.018853335259930847,40
ionosphere,Uncertainty Sampling (US),192,0.949645390070922,0.018853335259930847,40
ionosphere,Uncertainty Sampling (US),193,0.949645390070922,0.018853335259930847,40
ionosphere,Uncertainty Sampling (US),194,0.949645390070922,0.018853335259930847,40
ionosphere,Uncertainty Sampling (US),195,0.949645390070922,0.018853335259930847,40
ionosphere,Uncertainty Sampling (US),196,0.949645390070922,0.018853335259930847,40
ionosphere,Uncertainty Sampling (US),197,0.949645390070922,0.018853335259930847,40
ionosphere,Uncertainty Sampling (US),198,0.949645390070922,0.018853335259930847,40
ionosphere,Uncertainty Sampling (US),199,0.948936170212766,0.01753483604049605,40
ionosphere,Uncertainty Sampling (US),200,0.948936170212766,0.01753483604049605,40
ionosphere,Uncertainty Sampling (US),201,0.948936170212766,0.01753483604049605,40
ionosphere,Uncertainty Sampling (US),202,0.948936170212766,0.01753483604049605,40
ionosphere,Uncertainty Sampling (US),203,0.948936170212766,0.01753483604049605,40
ionosphere,Uncertainty Sampling (US),204,0.948936170212766,0.01753483604049605,40
ionosphere,Uncertainty Sampling (US),205,0.948936170212766,0.01753483604049605,40
ionosphere,Uncertainty Sampling (US),206,0.948936170212766,0.01753483604049605,40
ionosphere,Uncertainty Sampling (US),207,0.948936170212766,0.01753483604049605,40
ionosphere,Uncertainty Sampling (US),208,0.948936170212766,0.01753483604049605,40
ionosphere,Uncertainty Sampling (US),209,0.948936170212766,0.01753483604049605,40
ionosphere,Uncertainty Sampling (US),210,0.948936170212766,0.01753483604049605,40
pol,BALD,20,0.7324985535994711,0.042311061785351683,48
pol,BALD,21,0.7450285147532855,0.04177915561308502,10
pol,BALD,22,0.7487974212744855,0.049861433746831454,10
pol,BALD,23,0.7528390776097198,0.04352928354864922,10
pol,BALD,24,0.7635755021076122,0.04025070885552368,10
pol,BALD,25,0.7665261591867096,0.045972372985370914,10
pol,BALD,26,0.7727002231589388,0.044441751649523194,10
pol,BALD,27,0.7806347632035706,0.040013388607242885,10
pol,BALD,28,0.7940986858418051,0.03289075314993537,10
pol,BALD,29,0.806273245722787,0.031267834478381724,10
pol,BALD,30,0.810711629060253,0.029684234318784062,10
pol,BALD,31,0.8114802876270767,0.024412854160534125,10
pol,BALD,32,0.8134143317629556,0.026833926120221355,10
pol,BALD,33,0.8135878998264319,0.028547148629387772,10
pol,BALD,34,0.812546491445574,0.030659569503207314,10
pol,BALD,35,0.827969253657327,0.03158579324238389,10
pol,BALD,36,0.8272749814034217,0.03126218637007356,10
pol,BALD,37,0.8311926605504587,0.02756046324570428,10
pol,BALD,38,0.8316885693032482,0.027666345909695425,10
pol,BALD,39,0.8356806347632035,0.03234198157054609,10
pol,BALD,40,0.8383337465906273,0.033514121917960014,10
pol,BALD,41,0.8415323580461195,0.03351665953517086,10
pol,BALD,42,0.8430696751797668,0.03215459376628855,10
pol,BALD,43,0.8474832630795934,0.03181800995155262,10
pol,BALD,44,0.8519464418546988,0.03249904336663249,10
pol,BALD,45,0.8545499628068436,0.03154281149219624,10
pol,BALD,46,0.8596826183982147,0.027346881065753906,10
pol,BALD,47,0.8598561864616909,0.03180520063644739,10
pol,BALD,48,0.8582692784527648,0.030930468480770665,10
pol,BALD,49,0.8600049590875279,0.03252315474784051,10
pol,BALD,50,0.8592610959583438,0.030958284172053194,10
pol,BALD,51,0.8601785271510043,0.033393736313449884,10
pol,BALD,52,0.8630300024795439,0.03184864334703667,10
pol,BALD,53,0.8645177287379122,0.0308920151607614,10
pol,BALD,54,0.8647160922390281,0.029140283598410536,10
pol,BALD,55,0.8675675675675676,0.028642862748410353,10
pol,BALD,56,0.8690304983882966,0.02434581460150929,10
pol,BALD,57,0.8677907265063229,0.023320838129175566,10
pol,BALD,58,0.8685593850731465,0.02297129245078817,10
pol,BALD,59,0.8702950657079098,0.023811496547943057,10
pol,BALD,60,0.8735680634763204,0.023343280055798665,10
pol,BALD,61,0.8777089015621126,0.025166466671954123,10
pol,BALD,62,0.878824696255889,0.025827767571293025,10
pol,BALD,63,0.8819985122737416,0.02349350815255509,10
pol,BALD,64,0.8832878750309943,0.020863248544608012,10
pol,BALD,65,0.8850979419786759,0.020444235548087247,10
pol,BALD,66,0.8846020332258865,0.018700136852780994,10
pol,BALD,67,0.881651376146789,0.01955997021038137,10
pol,BALD,68,0.8821968757748575,0.019519555488716825,10
pol,BALD,69,0.8837589883461444,0.019947206560220303,10
pol,BALD,70,0.8842301016612943,0.01933282815549361,10
pol,BALD,71,0.884577237788247,0.02243595124610946,10
pol,BALD,72,0.8880238036201339,0.021252902965948256,10
pol,BALD,73,0.8902058021324077,0.020923327393661182,10
pol,BALD,74,0.8914951648896603,0.01881884965153247,10
pol,BALD,75,0.8932308455244236,0.019725563287186176,10
pol,BALD,76,0.8933548227126209,0.018680857046681827,10
pol,BALD,77,0.8954624349119762,0.0178887240049947,10
pol,BALD,78,0.8969501611703447,0.018011268148356095,10
pol,BALD,79,0.8990329779320605,0.016149765116749856,10
pol,BALD,80,0.8989090007438632,0.01559379183227834,10
pol,BALD,81,0.9006942722539053,0.012359778848448777,10
pol,BALD,82,0.9007190676915448,0.012564217951497854,10
pol,BALD,83,0.9016612943218447,0.011979159259244908,10
pol,BALD,84,0.9041160426481527,0.011700393433624032,10
pol,BALD,85,0.9054549962806844,0.011041968873324716,10
pol,BALD,86,0.9059757004711134,0.010702518219318948,10
pol,BALD,87,0.9073394495412843,0.010418051634647126,10
pol,BALD,88,0.9093478799900818,0.00922162145799646,10
pol,BALD,89,0.9102405157451029,0.00967269284293102,10
pol,BALD,90,0.9118770146293083,0.010177345028913648,10
pol,BALD,91,0.9124721051326556,0.00949952591995675,10
pol,BALD,92,0.9123729233820977,0.0090865496684036,10
pol,BALD,93,0.9135631043887924,0.010014273950834417,10
pol,BALD,94,0.9133647408876767,0.009677070553780375,10
pol,BALD,95,0.9142325812050582,0.00954933794688049,10
pol,BALD,96,0.9152987850235557,0.010207505354653803,10
pol,BALD,97,0.9149020580213241,0.00990287273126379,10
pol,BALD,98,0.9152739895859161,0.009621744540138274,10
pol,BALD,99,0.9149516488966031,0.009163508753804584,10
pol,BALD,100,0.9157946937763451,0.009764212609623468,10
pol,BALD,101,0.9163401934044136,0.009267436485141063,10
pol,BALD,102,0.9172824200347136,0.009792157524123483,10
pol,BALD,103,0.9184230101661294,0.011555844480764733,10
pol,BALD,104,0.9193156459211504,0.010578224376183068,10
pol,BALD,105,0.9202826679890901,0.011552444855169975,10
pol,BALD,106,0.9205554178031242,0.011904220490409501,10
pol,BALD,107,0.9209273493677165,0.011461734073119461,10
pol,BALD,108,0.9228613935035954,0.011591524551924793,10
pol,BALD,109,0.9233325068187455,0.01205623885206005,10
pol,BALD,110,0.9234068931316639,0.011283331837709557,10
pol,BALD,111,0.9242747334490454,0.011512728159624983,10
pol,BALD,112,0.9243243243243244,0.009647092999761431,10
pol,BALD,113,0.9254401190181006,0.009712197047419227,10
pol,BALD,114,0.9259112323332508,0.010502785953123912,10
pol,BALD,115,0.9263079593354823,0.010313100522750796,10
pol,BALD,116,0.9276469129680139,0.009568883181694736,10
pol,BALD,117,0.9279196627820481,0.009203714048181672,10
pol,BALD,118,0.9292586164145797,0.007704827329071832,10
pol,BALD,119,0.9302008430448797,0.006888640859090444,10
pol,BALD,120,0.9300768658566824,0.007197798514613513,10
pol,BALD,121,0.9293825936027771,0.009750630485083569,10
pol,BALD,122,0.9288866848499877,0.008430286734179617,10
pol,BALD,123,0.9296801388544509,0.00845003550798393,10
pol,BALD,124,0.9294073890404165,0.008761873311643993,10
pol,BALD,125,0.9288866848499877,0.009339102829979972,10
pol,BALD,126,0.9295313662286139,0.009998298836499091,10
pol,BALD,127,0.9305975700471114,0.010157356528688202,10
pol,BALD,128,0.9315150012397719,0.009269352813279846,10
pol,BALD,129,0.9332258864368956,0.009159072040535562,10
pol,BALD,130,0.9334738408132903,0.008932516020631163,10
pol,BALD,131,0.9330027274981404,0.009339834270276067,10
pol,BALD,132,0.9337961815026036,0.009491612344792491,10
pol,BALD,133,0.9345648400694273,0.009739870382240588,10
pol,BALD,134,0.9345648400694273,0.009310275034624716,10
pol,BALD,135,0.9345648400694273,0.009637635011081225,10
pol,BALD,136,0.9344904537565089,0.009992147761036749,10
pol,BALD,137,0.9350111579469378,0.010093939473084183,10
pol,BALD,138,0.9348375898834614,0.010011954363140032,10
pol,BALD,139,0.9354574758244484,0.009057823108259517,10
pol,BALD,140,0.9357798165137614,0.009511024820725567,10
pol,BALD,141,0.9363253161418299,0.010520332742540882,10
pol,BALD,142,0.936647656831143,0.009861708007840616,10
pol,BALD,143,0.9370443838333747,0.00960212904738689,10
pol,BALD,144,0.9376642697743616,0.01012485430559291,10
pol,BALD,145,0.9373667245226878,0.010205497439294003,10
pol,BALD,146,0.9383833374659064,0.0093846718907888,10
pol,BALD,147,0.9386064964046616,0.010021774820982236,10
pol,BALD,148,0.9385817009670221,0.009549051796530292,10
pol,BALD,149,0.9387800644681379,0.009802093653451317,10
pol,BALD,150,0.9394991321596826,0.008173723656550832,10
pol,BALD,151,0.9394495412844037,0.008043817296944705,10
pol,BALD,152,0.9395735184726011,0.008266840061094382,10
pol,BALD,153,0.9394991321596826,0.007937122482468946,10
pol,BALD,154,0.9396479047855195,0.008043307726940271,10
pol,BALD,155,0.9398462682866352,0.008166365664943559,10
pol,BALD,156,0.9408380857922143,0.006786686376745575,10
pol,BALD,157,0.9412844036697248,0.007173841911377941,10
pol,BALD,158,0.9432184478056038,0.0054135128171957595,10
pol,BALD,159,0.9439871063724276,0.0061711920789161955,10
pol,BALD,160,0.9447309695016116,0.0053301540651790585,10
pol,BALD,161,0.9450533101909249,0.004842275221733105,10
pol,BALD,162,0.9452020828167618,0.005751258866721134,10
pol,BALD,163,0.9446317877510537,0.007601283510433558,10
pol,BALD,164,0.9452020828167618,0.007416558153293509,10
pol,BALD,165,0.9451772873791222,0.006708987480040329,10
pol,BALD,166,0.945524423506075,0.0063130242523491975,10
pol,BALD,167,0.9459459459459459,0.005462504882009565,10
pol,BALD,168,0.9462682866352591,0.006179599249322587,10
pol,BALD,169,0.945995536821225,0.005756957415423249,10
pol,BALD,170,0.9463922638234565,0.006147179675200829,10
pol,BALD,171,0.9468881725762459,0.005702112102368825,10
pol,BALD,172,0.9471113315150012,0.004952264088199657,10
pol,BALD,173,0.9472848995784776,0.005467754767778663,10
pol,BALD,174,0.9477064220183486,0.006097695046015609,10
pol,BALD,175,0.9485246714604513,0.00565567934689182,10
pol,BALD,176,0.948871807587404,0.0058895181692538365,10
pol,BALD,177,0.9489957847756013,0.0055837774298472444,10
pol,BALD,178,0.9496404661542277,0.005461817023296572,10
pol,BALD,179,0.9499132159682618,0.006174014181992922,10
pol,BALD,180,0.950185965782296,0.006153455227622175,10
pol,BALD,181,0.9506074882221671,0.0068603698139626515,10
pol,BALD,182,0.9504835110339698,0.006985930902971056,10
pol,BALD,183,0.9509794197867592,0.0066059666414635025,10
pol,BALD,184,0.9515993057277461,0.007190961914829988,10
pol,BALD,185,0.951276965038433,0.007689917666169002,10
pol,BALD,186,0.9518720555417804,0.006912597633724803,10
pol,BALD,187,0.9518968509794199,0.006758241539551932,10
pol,BALD,188,0.9525663277956855,0.0064806860743422175,10
pol,BALD,189,0.9517480783535829,0.006522870722663799,10
pol,BALD,190,0.9522935779816514,0.006588518929426457,10
pol,BALD,191,0.9522439871063725,0.007055162606011928,10
pol,BALD,192,0.9528886684849989,0.006507982373759655,10
pol,BALD,193,0.9529630547979172,0.006700428924939113,10
pol,BALD,194,0.9534589635507066,0.006559266844731624,10
pol,BALD,195,0.953632531614183,0.006410684992037459,10
pol,BALD,196,0.9539300768658567,0.006399806582143565,10
pol,BALD,197,0.9544507810562857,0.0059761634385292195,10
pol,BALD,198,0.9547979171832383,0.005722740691627733,10
pol,BALD,199,0.9548475080585173,0.00539132114310832,10
pol,BALD,200,0.9551450533101911,0.005911110758545979,10
pol,BALD,201,0.9556409620629804,0.005607461405606018,10
pol,BALD,202,0.9552442350607488,0.005914345735260194,10
pol,BALD,203,0.9561864616910489,0.005744187193564041,10
pol,BALD,204,0.9561120753781305,0.0057059444893274545,10
pol,BALD,205,0.9564096206298041,0.006084629522933721,10
pol,BALD,206,0.9561616662534094,0.005933430736321368,10
pol,BALD,207,0.9558145301264567,0.005616408371093647,10
pol,BALD,208,0.9562112571286884,0.0059430939359815214,10
pol,BALD,209,0.9562112571286884,0.006224922479832369,10
pol,BALD,210,0.9568807339449542,0.006121176189846616,10
pol,BALD,211,0.9569551202578725,0.006440664976267113,10
pol,BALD,212,0.9569799156955121,0.006115370209993304,10
pol,BALD,213,0.9575254153235806,0.006363679281127285,10
pol,BALD,214,0.9573022563848251,0.006660292304569265,10
pol,BALD,215,0.9575254153235806,0.00684367055404775,10
pol,BALD,216,0.9581453012645673,0.006713415300800197,10
pol,BALD,217,0.9585916191420779,0.006467971748578825,10
pol,BALD,218,0.9585916191420779,0.006555047544060948,10
pol,BALD,219,0.9593850731465411,0.006323565833590907,10
pol,BALD,220,0.9594594594594594,0.005830590322756138,10
pol,Core-Set,20,0.7374163153979668,0.04165714027321451,12
pol,Core-Set,21,0.752024960740557,0.05073048247793511,12
pol,Core-Set,22,0.757645259938838,0.05001212540448762,12
pol,Core-Set,23,0.7698363501115795,0.05306835868813191,12
pol,Core-Set,24,0.7698156872468799,0.05231237274306445,12
pol,Core-Set,25,0.7727291511695181,0.050220453973996444,12
pol,Core-Set,26,0.7716960079345401,0.05236264942079527,12
pol,Core-Set,27,0.7729151169518143,0.05321084671419404,12
pol,Core-Set,28,0.7744441689395818,0.05310922946231167,12
pol,Core-Set,29,0.7740722373749898,0.053689874299963775,12
pol,Core-Set,30,0.7739689230514918,0.05421630012161164,12
pol,Core-Set,31,0.7751467063393669,0.05365436382284269,12
pol,Core-Set,32,0.7756012893627573,0.05407731415988222,12
pol,Core-Set,33,0.7718613108521365,0.052821050303781335,12
pol,Core-Set,34,0.771840647987437,0.05335246095963568,12
pol,Core-Set,35,0.772026613769733,0.05327180008954849,12
pol,Core-Set,36,0.7720886023638317,0.05368831274937508,12
pol,Core-Set,37,0.7709521448053559,0.05266661802775625,12
pol,Core-Set,38,0.7717786593933383,0.05168844111558083,12
pol,Core-Set,39,0.770807504752459,0.053893475845415,12
pol,Core-Set,40,0.771365402099347,0.052044270822883855,12
pol,Core-Set,41,0.7762211753037441,0.05154681389221074,12
pol,Core-Set,42,0.7758905694685511,0.050646832229796455,12
pol,Core-Set,43,0.7767790726506324,0.05062865230386624,12
pol,Core-Set,44,0.7751053806099678,0.0506697996021202,12
pol,Core-Set,45,0.7753326721216629,0.05090261385828772,12
pol,Core-Set,46,0.7754566493098604,0.050454293909545124,12
pol,Core-Set,47,0.7770476898917266,0.05116571979140462,12
pol,Core-Set,48,0.7778328787503099,0.051061856948232655,12
pol,Core-Set,49,0.7784114389618977,0.04965533908699514,12
pol,Core-Set,50,0.7803537482436566,0.04991092464538117,12
pol,Core-Set,51,0.7817794859079262,0.05045052732373283,12
pol,Core-Set,52,0.7807463426729483,0.05045071196684671,12
pol,Core-Set,53,0.7813662286139351,0.05027458768909776,12
pol,Core-Set,54,0.7811182742375403,0.050948453909740066,12
pol,Core-Set,55,0.7817174973138276,0.05036657857507189,12
pol,Core-Set,56,0.7818208116373254,0.05332349999266357,12
pol,Core-Set,57,0.7823787089842136,0.05345957552208014,12
pol,Core-Set,58,0.780519051161253,0.05349338685822017,12
pol,Core-Set,59,0.780002479543764,0.05358966515758534,12
pol,Core-Set,60,0.7799818166790643,0.052871697783763834,12
pol,Core-Set,61,0.7803537482436566,0.05374928359227617,12
pol,Core-Set,62,0.7804157368377552,0.05356758451140297,12
pol,Core-Set,63,0.780519051161253,0.053412140907803385,12
pol,Core-Set,64,0.7801471195966609,0.053598655632800564,12
pol,Core-Set,65,0.7794239193321763,0.05481341426537753,12
pol,Core-Set,66,0.7790933134969832,0.05488810593975588,12
pol,Core-Set,67,0.7786800562029921,0.05405399804542598,12
pol,Core-Set,68,0.7810149599140425,0.05386935820479699,12
pol,Core-Set,69,0.7824613604430118,0.05467945577737291,12
pol,Core-Set,70,0.7822134060666172,0.05452376078307515,12
pol,Core-Set,71,0.7822340689313166,0.05480552817066235,12
pol,Core-Set,72,0.7813868914786347,0.05350367756572827,12
pol,Core-Set,73,0.7814902058021325,0.05280524635649576,12
pol,Core-Set,74,0.7818001487726258,0.05270267473153693,12
pol,Core-Set,75,0.7814282172080338,0.05236162203334383,12
pol,Core-Set,76,0.7824406975783122,0.05190684049467316,12
pol,Core-Set,77,0.78254401190181,0.051991572111693404,12
pol,Core-Set,78,0.7833292007603935,0.05201014878086792,12
pol,Core-Set,79,0.7832672121662947,0.05215337563603177,12
pol,Core-Set,80,0.7833085378956938,0.052332682343653784,12
pol,Core-Set,81,0.7829985949252004,0.05391125893250605,12
pol,Core-Set,82,0.78254401190181,0.05386979051559684,12
pol,Core-Set,83,0.7823787089842136,0.0528861784556351,12
pol,Core-Set,84,0.7835358294073891,0.051969421911103306,12
pol,Core-Set,85,0.7850648813951566,0.052335285568605325,12
pol,Core-Set,86,0.7855401272832466,0.052020746332652315,12
pol,Core-Set,87,0.7850855442598562,0.051907450665430635,12
pol,Core-Set,88,0.7864286304653277,0.051787922172902616,12
pol,Core-Set,89,0.7871518307298123,0.05157271761094251,12
pol,Core-Set,90,0.7870898421357136,0.05194041166025233,12
pol,Core-Set,91,0.7877510538060997,0.05232643852596951,12
pol,Core-Set,92,0.7872344821886106,0.052104269197885564,12
pol,Core-Set,93,0.7870898421357136,0.05163638951500316,12
pol,Core-Set,94,0.7869452020828168,0.05181206927718021,12
pol,Core-Set,95,0.7865526076535252,0.052503433239039644,12
pol,Core-Set,96,0.7863459790065295,0.05269963449105696,12
pol,Core-Set,97,0.7856227787420448,0.052231657293217985,12
pol,Core-Set,98,0.7862013389536325,0.05232698594676611,12
pol,Core-Set,99,0.7884742540705844,0.052402057418582684,12
pol,Core-Set,100,0.7900859575171503,0.05420155609560082,12
pol,Core-Set,101,0.7900859575171503,0.05419000552561579,12
pol,Core-Set,102,0.790850483511034,0.053843378603126275,12
pol,Core-Set,103,0.7892387800644681,0.05644217227943685,11
pol,Core-Set,104,0.791335121610351,0.05563494670457584,11
pol,Core-Set,105,0.7917634064423056,0.05552238536428397,11
pol,Core-Set,106,0.7919437368978653,0.05523101828443926,11
pol,Core-Set,107,0.7915830759867457,0.05565152051834879,11
pol,Core-Set,108,0.7918084890561956,0.05604375294713328,11
pol,Core-Set,109,0.7917634064423056,0.0559911309018841,11
pol,Core-Set,110,0.7917634064423055,0.05603799825927727,11
pol,Core-Set,111,0.7914703694520209,0.05565247461795945,11
pol,Core-Set,112,0.7918986542839754,0.05492310792500496,11
pol,Core-Set,113,0.7919211955909204,0.05542430038854061,11
pol,Core-Set,114,0.7894867344408628,0.05535194791726689,11
pol,Core-Set,115,0.7894867344408628,0.055835339654328686,11
pol,Core-Set,116,0.7892613213714131,0.055937590067782116,11
pol,Core-Set,117,0.7885625408561189,0.054633087142248266,11
pol,Core-Set,118,0.7889232017672385,0.05436018324605581,11
pol,Core-Set,119,0.7889457430741835,0.054590276357903714,11
pol,Core-Set,120,0.7890584496089084,0.05417767274659563,11
pol,Core-Set,121,0.7886301647769538,0.05293049074970681,11
pol,Core-Set,122,0.7890809909158534,0.05216588520237092,11
pol,Core-Set,123,0.7896445235894778,0.052847480480431835,11
pol,Core-Set,124,0.7887428713116786,0.05120891227731038,11
pol,Core-Set,125,0.7888104952325136,0.0511124241843509,11
pol,Core-Set,126,0.7935892523048487,0.055400284196379955,11
pol,Core-Set,127,0.7935667109979037,0.055549900627170024,11
pol,Core-Set,128,0.7939273719090234,0.05507774508114326,11
pol,Core-Set,129,0.7947839415729324,0.05437603549973742,11
pol,Core-Set,130,0.7947614002659875,0.05420819054434869,11
pol,Core-Set,131,0.7946937763451526,0.05425942056775008,11
pol,Core-Set,132,0.7948064828798774,0.05424212257751057,11
pol,Core-Set,133,0.7994725334174876,0.05666764864445265,11
pol,Core-Set,134,0.8006221400716814,0.056438953858135014,11
pol,Core-Set,135,0.8013434618939207,0.055218589889261975,11
pol,Core-Set,136,0.800982800982801,0.0550608665939737,11
pol,Core-Set,137,0.800982800982801,0.05496240544405518,11
pol,Core-Set,138,0.8005545161508465,0.055228771664402314,11
pol,Core-Set,139,0.7998782769424971,0.05481210311081518,11
pol,Core-Set,140,0.8004643509230666,0.054382572437377326,11
pol,Core-Set,141,0.8007348466064063,0.054734744710980374,11
pol,Core-Set,142,0.8015237923494805,0.052243859261594264,11
pol,Core-Set,143,0.8016590401911503,0.05077527534408711,11
pol,Core-Set,144,0.8025606924689493,0.0507929066994622,11
pol,Core-Set,145,0.8043639970245475,0.05051701516394637,11
pol,Core-Set,146,0.8041836665689878,0.04975414369590722,11
pol,Core-Set,147,0.8040709600342629,0.049778200398585305,11
pol,Core-Set,148,0.8042512904898227,0.04934147098814144,11
pol,Core-Set,149,0.8036652165092533,0.04951727965503602,11
pol,Core-Set,150,0.8049726123120619,0.05020697914710774,11
pol,Core-Set,151,0.8047697405495572,0.04988744358170999,11
pol,Core-Set,152,0.8046795753217771,0.05032925268770983,11
pol,Core-Set,153,0.8048373644703921,0.04984024267246445,11
pol,Core-Set,154,0.8055586862926313,0.04614254644335284,11
pol,Core-Set,155,0.8056939341343011,0.04650308444805716,11
pol,Core-Set,156,0.8060320537384758,0.046808649715507855,11
pol,Core-Set,157,0.808737010571873,0.04702633343043755,11
pol,Core-Set,158,0.8082636431260284,0.048502955187446885,11
pol,Core-Set,159,0.807857899601019,0.04935244623397667,11
pol,Core-Set,160,0.8081058539774136,0.04872343932684575,11
pol,Core-Set,161,0.8080382300565787,0.04908179289400676,11
pol,Core-Set,162,0.8078128169871289,0.049369261148435636,11
pol,Core-Set,163,0.8098866172260668,0.0501758323081123,11
pol,Core-Set,164,0.8098189933052318,0.049726692270034484,11
pol,Core-Set,165,0.8099316998399568,0.04951461575589266,11
pol,Core-Set,166,0.8097288280774518,0.049622637079740746,11
pol,Core-Set,167,0.8109460586524807,0.04903799959883037,11
pol,Core-Set,168,0.8095484976218921,0.051615198638609916,11
pol,Core-Set,169,0.8101120302955166,0.05109651107688646,11
pol,Core-Set,170,0.822284336045804,0.05413271561185126,11
pol,Core-Set,171,0.8227577034916483,0.05397458405910287,11
pol,Core-Set,172,0.8228929513333184,0.053825645777028995,11
pol,Core-Set,173,0.8229605752541533,0.05371873052076389,11
pol,Core-Set,174,0.8226900795708135,0.052903778935916905,11
pol,Core-Set,175,0.8228929513333184,0.05336495389956483,11
pol,Core-Set,176,0.8226900795708135,0.052786389199060695,11
pol,Core-Set,177,0.8208642337082704,0.05225444952590342,11
pol,Core-Set,178,0.8206839032527107,0.052409111629418276,11
pol,Core-Set,179,0.8204810314902058,0.05210051908872153,11
pol,Core-Set,180,0.8203232423415909,0.051711332265346285,11
pol,Core-Set,181,0.820300701034646,0.0517866342509186,11
pol,Core-Set,182,0.820300701034646,0.0516382584562473,11
pol,Core-Set,183,0.8206162793318756,0.05130802949617131,11
pol,Core-Set,184,0.8206162793318756,0.05121807966786716,11
pol,Core-Set,185,0.8207740684804906,0.05099654435694648,11
pol,Core-Set,186,0.8210445641638302,0.05091066629299324,11
pol,Core-Set,187,0.8208191510943805,0.05082838198399663,11
pol,Core-Set,188,0.8203908662624259,0.051041427680855955,11
pol,Core-Set,189,0.8203232423415909,0.050825962751530625,11
pol,Core-Set,190,0.8208642337082704,0.05005993929168386,11
pol,Core-Set,191,0.8214277663818949,0.050379767568335954,11
pol,Core-Set,192,0.8217433446791245,0.05051195865098481,11
pol,Core-Set,193,0.8215630142235647,0.05025286797977771,11
pol,Core-Set,194,0.8213376011541148,0.05052448282956277,11
pol,Core-Set,195,0.8249667515722563,0.040908783361340594,11
pol,Core-Set,196,0.8248540450375312,0.04092273052903967,11
pol,Core-Set,197,0.8248991276514211,0.04123784959171381,11
pol,Core-Set,198,0.8244483015125218,0.041775860778895044,11
pol,Core-Set,199,0.8236142731555577,0.041620199800305194,11
pol,Core-Set,200,0.8233212361652729,0.04139848579661019,11
pol,Core-Set,201,0.8226449969569235,0.04117089463690569,11
pol,Core-Set,202,0.8225999143430336,0.04147208191580513,11
pol,Core-Set,203,0.8234564840069427,0.040456550933338865,11
pol,Core-Set,204,0.8235241079277777,0.040648955751345583,11
pol,Core-Set,205,0.824065099294457,0.04064037486976051,11
pol,Core-Set,206,0.8247864211166963,0.04042071184623508,11
pol,Core-Set,207,0.8239974753736221,0.04126825267633656,11
pol,Core-Set,208,0.8287536911390123,0.0424823747272461,11
pol,Core-Set,209,0.8290692694362419,0.04227855126085637,11
pol,Core-Set,210,0.8292721411987468,0.04199550263925841,11
pol,Core-Set,211,0.8292721411987468,0.04199403861476546,11
pol,Core-Set,212,0.8294299303473616,0.04162982734710368,11
pol,Core-Set,213,0.8353582940738904,0.027038853455656934,11
pol,Core-Set,214,0.8355611658363952,0.027073806285626497,11
pol,Core-Set,215,0.8361246985100196,0.026806942579575593,11
pol,Core-Set,216,0.8378829204517277,0.029189363207866432,11
pol,Core-Set,217,0.8374771769267183,0.029112074793426083,11
pol,Core-Set,218,0.836733313797534,0.030172158657061784,11
pol,Core-Set,219,0.8370263507878186,0.030401085543038435,11
pol,Core-Set,220,0.8399792619976106,0.025427905113028365,11
pol,Random,20,0.734763203570543,0.04485272386332762,10
pol,Random,21,0.7351351351351352,0.048292477153700886,10
pol,Random,22,0.7616662534093728,0.04356222741077555,10
pol,Random,23,0.7602281180262832,0.044576192978443174,10
pol,Random,24,0.7598561864616911,0.04308801368197733,10
pol,Random,25,0.7643937515497148,0.048561625299166036,10
pol,Random,26,0.7646169104884701,0.04687322285221306,10
pol,Random,27,0.764294569799157,0.04718163430143175,10
pol,Random,28,0.7720803372179519,0.039431381663300714,10
pol,Random,29,0.7748078353582941,0.04374203814222933,10
pol,Random,30,0.7779320605008678,0.04474967060097463,10
pol,Random,31,0.7720555417803124,0.045232335156933486,10
pol,Random,32,0.7747334490453757,0.043764903495344655,10
pol,Random,33,0.7783287875030995,0.03881434297993943,10
pol,Random,34,0.782122489461939,0.03782495046487609,10
pol,Random,35,0.7913463922638234,0.0377832445188793,10
pol,Random,36,0.790800892635755,0.042131827373581315,10
pol,Random,37,0.7921150508306471,0.041634059301835606,10
pol,Random,38,0.7941482767170841,0.04501641882926543,10
pol,Random,39,0.7953136622861393,0.04569650340049742,10
pol,Random,40,0.7939003223406893,0.04595537057608056,10
pol,Random,41,0.7938755269030499,0.04762704523489326,10
pol,Random,42,0.79858666005455,0.04575697776378825,10
pol,Random,43,0.8009670220679395,0.046461449948384886,10
pol,Random,44,0.8106620381849741,0.03993839590840011,10
pol,Random,45,0.8128192412596082,0.04247986686823466,10
pol,Random,46,0.8163401934044137,0.04159660789474494,10
pol,Random,47,0.8194148276717085,0.03770936916386321,10
pol,Random,48,0.8177783287875032,0.034840986957510735,10
pol,Random,49,0.8171336474088768,0.03479798192701708,10
pol,Random,50,0.8202578725514507,0.03914773934716836,10
pol,Random,51,0.8226382345648402,0.03735700563370562,10
pol,Random,52,0.8281924125960825,0.03513074953173274,10
pol,Random,53,0.8293825936027771,0.03526679733526557,10
pol,Random,54,0.8326060004959087,0.03615421771180134,10
pol,Random,55,0.8331267046863378,0.03502276937092932,10
pol,Random,56,0.837217951896851,0.03096138429376059,10
pol,Random,57,0.8370939747086537,0.03100013720221097,10
pol,Random,58,0.8417059261095959,0.02479687022337562,10
pol,Random,59,0.8419290850483512,0.023146614450188896,10
pol,Random,60,0.8490949665261592,0.02136414710320067,10
pol,Random,61,0.8485990577733696,0.020582105175147136,10
pol,Random,62,0.8518968509794199,0.01960357749344175,10
pol,Random,63,0.850334738408133,0.02032123568174016,10
pol,Random,64,0.8503347384081328,0.01994357607769725,10
pol,Random,65,0.8501115794693777,0.018781077777803867,10
pol,Random,66,0.8504091247210515,0.0179553707681657,10
pol,Random,67,0.8504587155963304,0.018998494516630365,10
pol,Random,68,0.8517728737912224,0.017777481503404892,10
pol,Random,69,0.8570790974460699,0.0168634093638541,10
pol,Random,70,0.8588147780808331,0.016454574916168842,10
pol,Random,71,0.8603272997768411,0.015875557436357008,10
pol,Random,72,0.859806595586412,0.019703039936096005,10
pol,Random,73,0.8600793454004464,0.01964604486582213,10
pol,Random,74,0.8599801636498885,0.019903408293448104,10
pol,Random,75,0.8610711629060253,0.0205465109846526,10
pol,Random,76,0.8624101165385569,0.022009960881589078,10
pol,Random,77,0.8629804116042648,0.020864934743478013,10
pol,Random,78,0.8618646169104884,0.022500772411953505,10
pol,Random,79,0.8614182990329778,0.021150199855050306,10
pol,Random,80,0.8609967765931069,0.02023769534474361,10
pol,Random,81,0.8628812298537069,0.020602606573608725,10
pol,Random,82,0.8629308207289859,0.02131920642558422,10
pol,Random,83,0.8629060252913463,0.022604365584225076,10
pol,Random,84,0.8636994792958095,0.022610288122888785,10
pol,Random,85,0.8630547979171833,0.022397188101353476,10
pol,Random,86,0.8663773865608728,0.02226515861322539,10
pol,Random,87,0.8672452268782544,0.022576166919921665,10
pol,Random,88,0.8672700223158939,0.021954520790529695,10
pol,Random,89,0.8669228861889412,0.022745540304641976,10
pol,Random,90,0.8661790230597571,0.022047979586664438,10
pol,Random,91,0.8677907265063229,0.022041394582675775,10
pol,Random,92,0.868162658070915,0.020867504706810695,10
pol,Random,93,0.8693528390776099,0.021043019207754154,10
pol,Random,94,0.8703694520208283,0.02028139483375166,10
pol,Random,95,0.8714108604016861,0.019617563585006846,10
pol,Random,96,0.8730721547235308,0.020190129077140143,10
pol,Random,97,0.8727002231589388,0.020282203195609822,10
pol,Random,98,0.8753037441110836,0.01781113048406119,10
pol,Random,99,0.8757500619885942,0.01783221265353282,10
pol,Random,100,0.8762459707413836,0.017573671068995097,10
pol,Random,101,0.8761467889908257,0.01749723769594273,10
pol,Random,102,0.8755269030498388,0.017409073574370142,10
pol,Random,103,0.8756012893627572,0.01714138252515345,10
pol,Random,104,0.878725514505331,0.0176000842809481,10
pol,Random,105,0.8789734688817259,0.01640353499852488,10
pol,Random,106,0.8782791966278205,0.017130379713264563,10
pol,Random,107,0.8790726506322837,0.01602801246654752,10
pol,Random,108,0.8814282172080338,0.014686306060769148,10
pol,Random,109,0.8828911480287628,0.016646442907699396,10
pol,Random,110,0.8846268286635259,0.01564758238720076,10
pol,Random,111,0.8853458963550708,0.015457016112514202,10
pol,Random,112,0.885940986858418,0.015954943069032033,10
pol,Random,113,0.8861889412348128,0.016923579982752648,10
pol,Random,114,0.8852963054797918,0.01746321860334851,10
pol,Random,115,0.8856930324820234,0.017450618058104016,10
pol,Random,116,0.8883709397470865,0.016261892435490324,10
pol,Random,117,0.8895115298785023,0.016557214211273204,10
pol,Random,118,0.8888172576245971,0.016445854267835146,10
pol,Random,119,0.8888172576245971,0.0154570161125142,10
pol,Random,120,0.8888916439375155,0.015421287171453165,10
pol,Random,121,0.8888172576245971,0.015644154938029235,10
pol,Random,122,0.8885940986858418,0.015535418487436968,10
pol,Random,123,0.8891148028762708,0.01521855545034512,10
pol,Random,124,0.8891148028762708,0.01457752437328286,10
pol,Random,125,0.8890156211257129,0.014395691936595048,10
pol,Random,126,0.8888420530622365,0.014872693092961886,10
pol,Random,127,0.8894619390032235,0.013835567832801546,10
pol,Random,128,0.8901066203818498,0.013271569960875921,10
pol,Random,129,0.8905529382593602,0.012962426201574354,10
pol,Random,130,0.8925613687081577,0.013212372770274995,10
pol,Random,131,0.8920902553930077,0.01270458046593415,10
pol,Random,132,0.8923382097694024,0.012810069581783655,10
pol,Random,133,0.8926853458963551,0.01219258901383941,10
pol,Random,134,0.8925365732705183,0.012901148780881395,10
pol,Random,135,0.8928837093974709,0.012608073006498792,10
pol,Random,136,0.8932060500867841,0.012340308433025577,10
pol,Random,137,0.8934540044631788,0.012769610262198893,10
pol,Random,138,0.8949665261591868,0.01211242958575397,10
pol,Random,139,0.8945202082816761,0.01313154558091528,10
pol,Random,140,0.8953880485990577,0.013750207295849574,10
pol,Random,141,0.8955616166625342,0.013452550088536777,10
pol,Random,142,0.8949913215968263,0.012844924877196004,10
pol,Random,143,0.8941234812794446,0.012236882733000562,10
pol,Random,144,0.8940490949665263,0.01311376810977464,10
pol,Random,145,0.8959583436647657,0.011938029761814942,10
pol,Random,146,0.8959831391024051,0.012208518573586137,10
pol,Random,147,0.8967765931068683,0.012139386409548758,10
pol,Random,148,0.8973220927349368,0.011526515667657354,10
pol,Random,149,0.8972477064220185,0.011379037901599552,10
pol,Random,150,0.8985618646169105,0.011168931114062506,10
pol,Random,151,0.8982395239275973,0.011087131751279023,10
pol,Random,152,0.8987602281180264,0.010994228576789004,10
pol,Random,153,0.8988098189933054,0.011197640868190618,10
pol,Random,154,0.8985866600545499,0.010773261774816334,10
pol,Random,155,0.8994297049342921,0.009865136306304038,10
pol,Random,156,0.9002231589387553,0.010087677418956236,10
pol,Random,157,0.900570295065708,0.010942503786055288,10
pol,Random,158,0.9009174311926605,0.010616257347227783,10
pol,Random,159,0.9012149764443343,0.011163884018592704,10
pol,Random,160,0.9008182494421026,0.011201636066516203,10
pol,Random,161,0.9007190676915448,0.010499142947133985,10
pol,Random,162,0.9019588395735185,0.009869982372473579,10
pol,Random,163,0.9016612943218447,0.010541998360132095,10
pol,Random,164,0.9015869080089264,0.009999426123231056,10
pol,Random,165,0.9019092486982396,0.009905217863549006,10
pol,Random,166,0.9021572030746343,0.010433220373823906,10
pol,Random,167,0.9024795437639475,0.009964249539810403,10
pol,Random,168,0.9029506570790975,0.010139013156240809,10
pol,Random,169,0.903396974956608,0.010060553395196589,10
pol,Random,170,0.9039424745846765,0.010093093476589994,10
pol,Random,171,0.9037689065212001,0.009777671069131294,10
pol,Random,172,0.9043392015869081,0.009390166057037937,10
pol,Random,173,0.9046119514009423,0.009151610534266072,10
pol,Random,174,0.9045127696503844,0.009047560394353404,10
pol,Random,175,0.9052814282172081,0.009786435319028489,10
pol,Random,176,0.9050086784031738,0.009572915889323871,10
pol,Random,177,0.9052566327795686,0.008958785263492256,10
pol,Random,178,0.9065707909744607,0.008624948031741615,10
pol,Random,179,0.9069923134143318,0.008580200763260092,10
pol,Random,180,0.9069923134143318,0.008770756908062406,10
pol,Random,181,0.9068931316637739,0.008853549268747792,10
pol,Random,182,0.9080585172328292,0.008879398202833774,10
pol,Random,183,0.908108108108108,0.009275541321466721,10
pol,Random,184,0.9082320852963054,0.008958022709844105,10
pol,Random,185,0.908108108108108,0.009432555866363672,10
pol,Random,186,0.9084304487974213,0.00921409939509331,10
pol,Random,187,0.9088519712372923,0.008905824127110386,10
pol,Random,188,0.9093974708653608,0.009087301436820934,10
pol,Random,189,0.909670220679395,0.00818044875042236,10
pol,Random,190,0.9106372427473344,0.007622059991405816,10
pol,Random,191,0.9110835606248451,0.008389998394949213,10
pol,Random,192,0.9109595834366477,0.008347756421958988,10
pol,Random,193,0.9107364244978925,0.008746227201329504,10
pol,Random,194,0.9107612199355319,0.009072442476522525,10
pol,Random,195,0.9109347879990082,0.008887088258665883,10
pol,Random,196,0.9108108108108108,0.008702417586842976,10
pol,Random,197,0.9109099925613687,0.00847493888195476,10
pol,Random,198,0.9110835606248451,0.008376960823038604,10
pol,Random,199,0.9108356062484504,0.008363902928310196,10
pol,Random,200,0.9114059013141581,0.008487825957770093,10
pol,Random,201,0.9118026283163898,0.00868119713053183,10
pol,Random,202,0.9114554921894371,0.008716849336646872,10
pol,Random,203,0.9118274237540293,0.008393254623588045,10
pol,Random,204,0.9116290602529136,0.00816552911000175,10
pol,Random,205,0.9118274237540293,0.008502421088112583,10
pol,Random,206,0.9121745598809818,0.007967017588229678,10
pol,Random,207,0.912025787255145,0.008395370494940529,10
pol,Random,208,0.9112571286883213,0.008876050949088023,10
pol,Random,209,0.9122489461939004,0.007096916492552015,10
pol,Random,210,0.9123729233820977,0.006746303497841341,10
pol,Random,211,0.9125712868832135,0.00702508228076347,10
pol,Random,212,0.9133399454500373,0.007188539059917783,10
pol,Random,213,0.913067195636003,0.007397374823117917,10
pol,Random,214,0.9131663773865609,0.006758039375548822,10
pol,Random,215,0.9137366724522687,0.006719162022169642,10
pol,Random,216,0.9137614678899084,0.006842422706413055,10
pol,Random,217,0.9130424001983635,0.006027382779594037,10
pol,Random,218,0.9137366724522687,0.007244578347365349,10
pol,Random,219,0.9138110587651873,0.007084150987645367,10
pol,Random,220,0.9142573766426978,0.007435691992590178,10
pol,Uncertainty Sampling (US),20,0.734763203570543,0.04327845072794263,30
pol,Uncertainty Sampling (US),21,0.7397718819737168,0.04717877318353788,30
pol,Uncertainty Sampling (US),22,0.7484502851475329,0.04653361289591479,30
pol,Uncertainty Sampling (US),23,0.7513513513513513,0.04551732017947436,30
pol,Uncertainty Sampling (US),24,0.758393255640962,0.05273313791270218,30
pol,Uncertainty Sampling (US),25,0.7665013637490702,0.04920005330123952,30
pol,Uncertainty Sampling (US),26,0.7693032482023308,0.04718078854099241,30
pol,Uncertainty Sampling (US),27,0.7772129928093231,0.05086459660595482,30
pol,Uncertainty Sampling (US),28,0.7815769898338706,0.04520699056208616,30
pol,Uncertainty Sampling (US),29,0.7834118522191917,0.04571731671627535,30
pol,Uncertainty Sampling (US),30,0.7859905777336971,0.045033186490424405,30
pol,Uncertainty Sampling (US),31,0.7965038432928342,0.04737945502860735,30
pol,Uncertainty Sampling (US),32,0.8080833126704686,0.04515892663362599,30
pol,Uncertainty Sampling (US),33,0.8121001735680635,0.04673458145386087,30
pol,Uncertainty Sampling (US),34,0.8120753781304241,0.04665308051697077,30
pol,Uncertainty Sampling (US),35,0.8185965782296057,0.03871855081106514,30
pol,Uncertainty Sampling (US),36,0.8235308703198612,0.03985722954092048,30
pol,Uncertainty Sampling (US),37,0.8282172080337219,0.04003154103467387,30
pol,Uncertainty Sampling (US),38,0.8324572278700718,0.03776117469088368,30
pol,Uncertainty Sampling (US),39,0.8366724522687825,0.03815876764283393,30
pol,Uncertainty Sampling (US),40,0.8373915199603273,0.037879522355963806,30
pol,Uncertainty Sampling (US),41,0.8407884949169353,0.040602552304888885,30
pol,Uncertainty Sampling (US),42,0.846739399950409,0.038899355139338405,30
pol,Uncertainty Sampling (US),43,0.8481527398958592,0.035283300592888124,30
pol,Uncertainty Sampling (US),44,0.8486238532110092,0.037094570813984123,30
pol,Uncertainty Sampling (US),45,0.8538308951152989,0.032531996721791814,30
pol,Uncertainty Sampling (US),46,0.8529382593602777,0.03837258033265123,30
pol,Uncertainty Sampling (US),47,0.8572030746342673,0.03398671145196774,30
pol,Uncertainty Sampling (US),48,0.8585668237044384,0.03495223342700385,30
pol,Uncertainty Sampling (US),49,0.8570543020084305,0.03450151646771005,30
pol,Uncertainty Sampling (US),50,0.8619637986610463,0.02946369188312853,30
pol,Uncertainty Sampling (US),51,0.8625588891643937,0.026706785686400655,30
pol,Uncertainty Sampling (US),52,0.8650384329283411,0.0265575266955631,30
pol,Uncertainty Sampling (US),53,0.8703446565831887,0.020376041674572996,30
pol,Uncertainty Sampling (US),54,0.8708157698983388,0.02139603471837801,30
pol,Uncertainty Sampling (US),55,0.872923382097694,0.02051689106392887,30
pol,Uncertainty Sampling (US),56,0.8737416315397968,0.019905954473837462,30
pol,Uncertainty Sampling (US),57,0.8748078353582941,0.02076162971684661,30
pol,Uncertainty Sampling (US),58,0.8765187205554178,0.021750111787771014,30
pol,Uncertainty Sampling (US),59,0.8770642201834863,0.022903754474170535,30
pol,Uncertainty Sampling (US),60,0.8781800148772626,0.01957579915259862,30
pol,Uncertainty Sampling (US),61,0.8772129928093231,0.021898679493864075,30
pol,Uncertainty Sampling (US),62,0.87924621869576,0.021832418163702252,30
pol,Uncertainty Sampling (US),63,0.8831391024051575,0.01722871044707203,30
pol,Uncertainty Sampling (US),64,0.8843044879742127,0.014696699178776168,30
pol,Uncertainty Sampling (US),65,0.8859657822960576,0.012647156811759477,30
pol,Uncertainty Sampling (US),66,0.887924621869576,0.012710638353923302,30
pol,Uncertainty Sampling (US),67,0.8904041656335234,0.00953010114938622,30
pol,Uncertainty Sampling (US),68,0.8922390280188445,0.0070849689348554375,30
pol,Uncertainty Sampling (US),69,0.8946937763451525,0.004032016740342007,30
pol,Uncertainty Sampling (US),70,0.8942226630300024,0.003648007832212361,30
pol,Uncertainty Sampling (US),71,0.8958343664765683,0.0047375420993094625,30
pol,Uncertainty Sampling (US),72,0.8973716836102157,0.005307394177245362,30
pol,Uncertainty Sampling (US),73,0.89858666005455,0.005239310347709213,30
pol,Uncertainty Sampling (US),74,0.8992561368708158,0.004687063741864887,30
pol,Uncertainty Sampling (US),75,0.9006694768162657,0.005153881750183335,30
pol,Uncertainty Sampling (US),76,0.9012645673196132,0.0054134083838215715,30
pol,Uncertainty Sampling (US),77,0.9016612943218447,0.004946074224193599,30
pol,Uncertainty Sampling (US),78,0.9013141581948922,0.004771719648040241,30
pol,Uncertainty Sampling (US),79,0.9017852715100421,0.004682176149807385,30
pol,Uncertainty Sampling (US),80,0.9027522935779816,0.004594902329736806,30
pol,Uncertainty Sampling (US),81,0.9029506570790975,0.004864388177134106,30
pol,Uncertainty Sampling (US),82,0.9029754525167369,0.004976648370656541,30
pol,Uncertainty Sampling (US),83,0.9049590875278949,0.006150671564619383,30
pol,Uncertainty Sampling (US),84,0.9051822464666501,0.006383229102850165,30
pol,Uncertainty Sampling (US),85,0.9050086784031739,0.0052580320755728945,30
pol,Uncertainty Sampling (US),86,0.9053558145301265,0.006030582727504874,30
pol,Uncertainty Sampling (US),87,0.9072154723530871,0.006196772821864984,30
pol,Uncertainty Sampling (US),88,0.9075378130424003,0.006058361455993084,30
pol,Uncertainty Sampling (US),89,0.9090503347384081,0.006448260572535857,30
pol,Uncertainty Sampling (US),90,0.9091743119266056,0.006325024052412003,30
pol,Uncertainty Sampling (US),91,0.909199107364245,0.007667503419834404,30
pol,Uncertainty Sampling (US),92,0.9108108108108108,0.009345485868037441,30
pol,Uncertainty Sampling (US),93,0.9107364244978924,0.009479245029634783,30
pol,Uncertainty Sampling (US),94,0.9114306967517977,0.009147211828766637,30
pol,Uncertainty Sampling (US),95,0.9135135135135136,0.007600854292210015,30
pol,Uncertainty Sampling (US),96,0.9136126952640714,0.008311058073230406,30
pol,Uncertainty Sampling (US),97,0.9146293082072899,0.00799420683626884,30
pol,Uncertainty Sampling (US),98,0.9142325812050582,0.007607252864482425,30
pol,Uncertainty Sampling (US),99,0.9153483758988347,0.009015122776411113,30
pol,Uncertainty Sampling (US),100,0.9138110587651872,0.007414823774046307,30
pol,Uncertainty Sampling (US),101,0.9161418299032978,0.007401602476911486,30
pol,Uncertainty Sampling (US),102,0.9176295561616662,0.007498073840708378,30
pol,Uncertainty Sampling (US),103,0.9170840565335978,0.008403901531271052,30
pol,Uncertainty Sampling (US),104,0.9169600793454005,0.009180976312898409,30
pol,Uncertainty Sampling (US),105,0.9177783287875031,0.008792976193696041,30
pol,Uncertainty Sampling (US),106,0.9188941234812795,0.008748197117380391,30
pol,Uncertainty Sampling (US),107,0.9213984626828664,0.007704905290201132,30
pol,Uncertainty Sampling (US),108,0.9211009174311927,0.008479694659592373,30
pol,Uncertainty Sampling (US),109,0.9229109843788744,0.007533320061582032,30
pol,Uncertainty Sampling (US),110,0.922737416315398,0.008384959978840006,30
pol,Uncertainty Sampling (US),111,0.9224646665013638,0.00959663963759918,30
pol,Uncertainty Sampling (US),112,0.9245722787007191,0.009157635530018611,30
pol,Uncertainty Sampling (US),113,0.9243243243243243,0.01042189815760998,30
pol,Uncertainty Sampling (US),114,0.9243987106372428,0.010869176686424424,30
pol,Uncertainty Sampling (US),115,0.925043392015869,0.010019436985995021,30
pol,Uncertainty Sampling (US),116,0.9255393007686585,0.009964696337090621,30
pol,Uncertainty Sampling (US),117,0.9254401190181006,0.011113139681674733,30
pol,Uncertainty Sampling (US),118,0.9259608232085296,0.01115663583759431,30
pol,Uncertainty Sampling (US),119,0.9266798909000744,0.010719279900510983,30
pol,Uncertainty Sampling (US),120,0.9273493677163402,0.01019122755315312,30
pol,Uncertainty Sampling (US),121,0.9282172080337219,0.00974409462247191,30
pol,Uncertainty Sampling (US),122,0.9286139350359534,0.009396659806811754,30
pol,Uncertainty Sampling (US),123,0.9291098437887428,0.009941948047502666,30
pol,Uncertainty Sampling (US),124,0.9294569799156955,0.00925741505646399,30
pol,Uncertainty Sampling (US),125,0.9300768658566824,0.008741324048479963,30
pol,Uncertainty Sampling (US),126,0.9294569799156955,0.009264969328167763,30
pol,Uncertainty Sampling (US),127,0.9307711381105876,0.008795579762891385,30
pol,Uncertainty Sampling (US),128,0.9320357054302009,0.008076052272548056,30
pol,Uncertainty Sampling (US),129,0.9329283411852219,0.007733125840093735,30
pol,Uncertainty Sampling (US),130,0.9338705678155219,0.005950958471677107,30
pol,Uncertainty Sampling (US),131,0.9345152491941483,0.006259728342010111,30
pol,Uncertainty Sampling (US),132,0.9345648400694273,0.006065705690158132,30
pol,Uncertainty Sampling (US),133,0.9358789982643194,0.005640565077719185,30
pol,Uncertainty Sampling (US),134,0.9356806347632036,0.006039171991925721,30
pol,Uncertainty Sampling (US),135,0.9357550210761221,0.006222021247709496,30
pol,Uncertainty Sampling (US),136,0.9362509298289116,0.006040488283498919,30
pol,Uncertainty Sampling (US),137,0.9365980659558641,0.0055483081518238,30
pol,Uncertainty Sampling (US),138,0.93726754277213,0.005958381718686602,30
pol,Uncertainty Sampling (US),139,0.9382841557153484,0.0068645215525579275,30
pol,Uncertainty Sampling (US),140,0.9387056781552194,0.006996987147631294,30
pol,Uncertainty Sampling (US),141,0.9393503595338458,0.006085334078341995,30
pol,Uncertainty Sampling (US),142,0.9395735184726011,0.0064129021712117,30
pol,Uncertainty Sampling (US),143,0.9398462682866353,0.005201787017144498,30
pol,Uncertainty Sampling (US),144,0.9394247458467643,0.005232082494540881,30
pol,Uncertainty Sampling (US),145,0.9394991321596826,0.005982882184874301,30
pol,Uncertainty Sampling (US),146,0.93915199603273,0.005497812191520086,30
pol,Uncertainty Sampling (US),147,0.9403917679147038,0.005383247259699739,30
pol,Uncertainty Sampling (US),148,0.94009422266303,0.005932922546760029,30
pol,Uncertainty Sampling (US),149,0.9402925861641458,0.006400741424105615,30
pol,Uncertainty Sampling (US),150,0.9408132903545747,0.006690539252395273,30
pol,Uncertainty Sampling (US),151,0.9417803124225143,0.0062985729977520334,30
pol,Uncertainty Sampling (US),152,0.942548970989338,0.007017182872321937,30
pol,Uncertainty Sampling (US),153,0.9418794941730722,0.007262289006386266,30
pol,Uncertainty Sampling (US),154,0.9419538804859907,0.006847823817325868,30
pol,Uncertainty Sampling (US),155,0.9414331762955617,0.007058527357573786,30
pol,Uncertainty Sampling (US),156,0.9414827671708407,0.007843168589970397,30
pol,Uncertainty Sampling (US),157,0.9421026531118275,0.008636835391298406,30
pol,Uncertainty Sampling (US),158,0.9415323580461196,0.007688212782807449,30
pol,Uncertainty Sampling (US),159,0.9427721299280932,0.007450421156919906,30
pol,Uncertainty Sampling (US),160,0.9435407884949168,0.006838157652416741,30
pol,Uncertainty Sampling (US),161,0.9441606744359039,0.00697696086384549,30
pol,Uncertainty Sampling (US),162,0.9439375154971485,0.007375476839239123,30
pol,Uncertainty Sampling (US),163,0.9438879246218695,0.006461316288080396,30
pol,Uncertainty Sampling (US),164,0.9441606744359039,0.006162809751491332,30
pol,Uncertainty Sampling (US),165,0.9440862881229855,0.005615760336917925,30
pol,Uncertainty Sampling (US),166,0.9441110835606249,0.005532408825628192,30
pol,Uncertainty Sampling (US),167,0.9443094470617407,0.005489708271399543,30
pol,Uncertainty Sampling (US),168,0.9445326060004959,0.005226000938535234,30
pol,Uncertainty Sampling (US),169,0.9452268782544012,0.004373135146890744,30
pol,Uncertainty Sampling (US),170,0.945846764195388,0.004382941127840992,30
pol,Uncertainty Sampling (US),171,0.9457227870071906,0.004113842714197285,30
pol,Uncertainty Sampling (US),172,0.9460451276965038,0.004380037940711914,30
pol,Uncertainty Sampling (US),173,0.9459707413835854,0.0047375420993094625,30
pol,Uncertainty Sampling (US),174,0.9461443094470617,0.00502212894686578,30
pol,Uncertainty Sampling (US),175,0.9465658318869328,0.0048329723292725125,30
pol,Uncertainty Sampling (US),176,0.9461939003223407,0.005031238933295261,30
pol,Uncertainty Sampling (US),177,0.945896355070667,0.004869092868319686,30
pol,Uncertainty Sampling (US),178,0.9463922638234565,0.005076293073877423,30
pol,Uncertainty Sampling (US),179,0.9464914455740144,0.004991642249041659,30
pol,Uncertainty Sampling (US),180,0.9462186957599801,0.004450978134091707,30
pol,Uncertainty Sampling (US),181,0.9466154227622118,0.00457165863363081,30
pol,Uncertainty Sampling (US),182,0.9468633771386066,0.004522704138198619,30
pol,Uncertainty Sampling (US),183,0.946888172576246,0.0045012074369376225,30
pol,Uncertainty Sampling (US),184,0.947408876766675,0.005150486997732526,30
pol,Uncertainty Sampling (US),185,0.9476816265807091,0.004773052344518704,30
pol,Uncertainty Sampling (US),186,0.9487230349615671,0.004739354125422506,30
pol,Uncertainty Sampling (US),187,0.9488470121497645,0.005018645073910538,30
pol,Uncertainty Sampling (US),188,0.9491693528390777,0.005514906988948551,30
pol,Uncertainty Sampling (US),189,0.9497396479047855,0.005374793114930738,30
pol,Uncertainty Sampling (US),190,0.9498140342177039,0.005957527715282659,30
pol,Uncertainty Sampling (US),191,0.9498140342177039,0.005882322381238269,30
pol,Uncertainty Sampling (US),192,0.9504587155963303,0.006056629018094652,30
pol,Uncertainty Sampling (US),193,0.950235556657575,0.005678605111304323,30
pol,Uncertainty Sampling (US),194,0.9504835110339698,0.005706536875433579,30
pol,Uncertainty Sampling (US),195,0.9511033969749566,0.005693984537688445,30
pol,Uncertainty Sampling (US),196,0.9509546243491198,0.005365021778625417,30
pol,Uncertainty Sampling (US),197,0.9515001239771883,0.005886645711515584,30
pol,Uncertainty Sampling (US),198,0.9515993057277462,0.005804609230399689,30
pol,Uncertainty Sampling (US),199,0.9519960327299777,0.006007494471691006,30
pol,Uncertainty Sampling (US),200,0.9526159186709646,0.006407345836382526,30
pol,Uncertainty Sampling (US),201,0.9528886684849988,0.006038961358648973,30
pol,Uncertainty Sampling (US),202,0.9525911232333252,0.006398753801344266,30
pol,Uncertainty Sampling (US),203,0.9531118274237541,0.006274950452082948,30
pol,Uncertainty Sampling (US),204,0.9535581453012646,0.0065890033678473155,30
pol,Uncertainty Sampling (US),205,0.9531366228613936,0.0059176804503741414,30
pol,Uncertainty Sampling (US),206,0.9538308951152988,0.005710714856807857,30
pol,Uncertainty Sampling (US),207,0.9537069179271015,0.005454665923941386,30
pol,Uncertainty Sampling (US),208,0.9544011901810067,0.005029279149507586,30
pol,Uncertainty Sampling (US),209,0.9538308951152988,0.004910714250394474,30
pol,Uncertainty Sampling (US),210,0.9541780312422515,0.005126164524552293,30
pol,Uncertainty Sampling (US),211,0.9545003719315646,0.005589650939834516,30
pol,Uncertainty Sampling (US),212,0.9547979171832384,0.005693146731151256,30
pol,Uncertainty Sampling (US),213,0.955145053310191,0.00520575922366805,30
pol,Uncertainty Sampling (US),214,0.9552442350607488,0.005358438308761465,30
pol,Uncertainty Sampling (US),215,0.9552938259360279,0.005309311198930932,30
pol,Uncertainty Sampling (US),216,0.9558393255640962,0.005092117728880106,30
pol,Uncertainty Sampling (US),217,0.956037689065212,0.0054616574449465,30
pol,Uncertainty Sampling (US),218,0.9563104388792463,0.005516982473054729,30
pol,Uncertainty Sampling (US),219,0.9556905529382593,0.005627978609513262,30
pol,Uncertainty Sampling (US),220,0.9562856434416068,0.006026362658950414,30
splice,BALD,20,0.6098584905660377,0.05479729932270761,53
splice,BALD,21,0.618125,0.049830679213804525,12
splice,BALD,22,0.641875,0.05174374138702449,12
splice,BALD,23,0.64875,0.059500763937036266,12
splice,BALD,24,0.6452083333333333,0.06081322311850117,12
splice,BALD,25,0.6445833333333334,0.055183921132111936,12
splice,BALD,26,0.640625,0.059563993470735474,12
splice,BALD,27,0.6441666666666667,0.06107310572112934,12
splice,BALD,28,0.648125,0.05343990890370568,12
splice,BALD,29,0.6502083333333334,0.042459316534843826,12
splice,BALD,30,0.6587500000000001,0.041444102552276825,12
splice,BALD,31,0.6745833333333334,0.03292265960021327,12
splice,BALD,32,0.683125,0.03583619615061639,12
splice,BALD,33,0.6827083333333334,0.03999230513107454,12
splice,BALD,34,0.6864583333333334,0.04377704791603038,12
splice,BALD,35,0.6843750000000001,0.032685223934315666,12
splice,BALD,36,0.6810416666666667,0.03805585508250477,12
splice,BALD,37,0.6887500000000001,0.03116123757607723,12
splice,BALD,38,0.6877083333333333,0.034153036823135086,12
splice,BALD,39,0.6939583333333333,0.03821973451059811,12
splice,BALD,40,0.6985416666666667,0.028393707956432042,12
splice,BALD,41,0.7077083333333333,0.03373456437147714,12
splice,BALD,42,0.7052083333333333,0.03239420426090093,12
splice,BALD,43,0.7108333333333333,0.030157415289936523,12
splice,BALD,44,0.71375,0.03456712836838441,12
splice,BALD,45,0.715,0.03098753415048175,12
splice,BALD,46,0.7122727272727273,0.03944069195409964,11
splice,BALD,47,0.7145454545454546,0.03580883588268023,11
splice,BALD,48,0.7209090909090908,0.03453752899515119,11
splice,BALD,49,0.7188636363636364,0.028248089235460603,11
splice,BALD,50,0.7227272727272728,0.025579643895452933,11
splice,BALD,51,0.7252272727272727,0.02237338109938198,11
splice,BALD,52,0.7254545454545455,0.02344723282762227,11
splice,BALD,53,0.7345454545454545,0.016838133129083162,11
splice,BALD,54,0.7331818181818182,0.01666174169658251,11
splice,BALD,55,0.730909090909091,0.016403990645294464,11
splice,BALD,56,0.7320454545454546,0.019487758395277992,11
splice,BALD,57,0.7363636363636363,0.019664804739802182,11
splice,BALD,58,0.736590909090909,0.017828093254493273,11
splice,BALD,59,0.7370454545454546,0.016156197797524235,11
splice,BALD,60,0.7350000000000001,0.01778341924377876,11
splice,BALD,61,0.7313636363636363,0.020042568334785522,11
splice,BALD,62,0.7350000000000001,0.02269361143582044,11
splice,BALD,63,0.7338636363636364,0.022370841411411966,11
splice,BALD,64,0.7361363636363637,0.019696561767337587,11
splice,BALD,65,0.7377272727272728,0.020138723440630016,11
splice,BALD,66,0.7384090909090909,0.017898069982288906,11
splice,BALD,67,0.7377272727272728,0.012572516924553386,11
splice,BALD,68,0.7368181818181818,0.01785675324250287,11
splice,BALD,69,0.7395454545454545,0.01935904768506776,11
splice,BALD,70,0.7413636363636363,0.020717252362573234,11
splice,BALD,71,0.7456818181818182,0.020312893352834687,11
splice,BALD,72,0.7425,0.02034084560680799,11
splice,BALD,73,0.7465909090909091,0.020039733258975956,11
splice,BALD,74,0.7504545454545455,0.021846572437632508,11
splice,BALD,75,0.7547727272727273,0.019021518914591962,11
splice,BALD,76,0.7531818181818182,0.022025295375173413,11
splice,BALD,77,0.7552272727272726,0.02265100840620966,11
splice,BALD,78,0.7599999999999999,0.023345235059857493,11
splice,BALD,79,0.7613636363636364,0.01960113633069636,11
splice,BALD,80,0.7620454545454546,0.01876892983823874,11
splice,BALD,81,0.7643181818181819,0.021274718244048207,11
splice,BALD,82,0.7672727272727272,0.015184471733260351,11
splice,BALD,83,0.7693181818181819,0.01654882583036138,11
splice,BALD,84,0.7706818181818181,0.01658654986317637,11
splice,BALD,85,0.7734090909090909,0.015422091592611884,11
splice,BALD,86,0.770909090909091,0.014459976109624401,11
splice,BALD,87,0.7697727272727272,0.018352606948828343,11
splice,BALD,88,0.7729545454545454,0.01903346335464794,11
splice,BALD,89,0.7718181818181818,0.01732378816436055,11
splice,BALD,90,0.7663636363636364,0.019051365973455726,11
splice,BALD,91,0.7720454545454545,0.018967675853217437,11
splice,BALD,92,0.7690909090909092,0.021191765124474873,11
splice,BALD,93,0.7704545454545454,0.02120784588949874,11
splice,BALD,94,0.7704545454545454,0.022187219908603464,11
splice,BALD,95,0.7688636363636363,0.02465673428202822,11
splice,BALD,96,0.7720454545454545,0.02190371491945437,11
splice,BALD,97,0.7743181818181818,0.023105489312361206,11
splice,BALD,98,0.7740909090909092,0.026839167444071537,11
splice,BALD,99,0.7777272727272727,0.02335740100735055,11
splice,BALD,100,0.7802272727272727,0.024480975916376012,11
splice,BALD,101,0.7788636363636363,0.020596226485804267,11
splice,BALD,102,0.7775,0.01654539210777431,11
splice,BALD,103,0.7795454545454544,0.01990031977815252,11
splice,BALD,104,0.7795454545454544,0.01980587607940456,11
splice,BALD,105,0.7775,0.018540496217739136,11
splice,BALD,106,0.7786363636363636,0.020042568334785495,11
splice,BALD,107,0.7779545454545456,0.01967924610529401,11
splice,BALD,108,0.7763636363636363,0.019376649489902673,11
splice,BALD,109,0.7779545454545453,0.01798673753832881,11
splice,BALD,110,0.7752272727272728,0.01667537651203659,11
splice,BALD,111,0.7820454545454545,0.018159645571230947,11
splice,BALD,112,0.7843181818181818,0.018203396286507533,11
splice,BALD,113,0.7865909090909091,0.016442046986032768,11
splice,BALD,114,0.785,0.01764227876437735,11
splice,BALD,115,0.7840909090909091,0.01848217814790532,11
splice,BALD,116,0.7825,0.015083103128998356,11
splice,BALD,117,0.7840909090909091,0.014969666298582264,11
splice,BALD,118,0.7845454545454547,0.014089809341248311,11
splice,BALD,119,0.7852272727272727,0.016824630213415737,11
splice,BALD,120,0.7863636363636364,0.016784056287278866,11
splice,BALD,121,0.7845454545454547,0.012933395813657296,11
splice,BALD,122,0.7870454545454546,0.015158256076235398,11
splice,BALD,123,0.7872727272727272,0.017516226243634282,11
splice,BALD,124,0.7879545454545455,0.01866876341037959,11
splice,BALD,125,0.7877272727272726,0.01966769386120756,11
splice,BALD,126,0.7863636363636364,0.01711591497567528,11
splice,BALD,127,0.7902272727272728,0.01678744119329037,11
splice,BALD,128,0.7899999999999999,0.012449899597988732,11
splice,BALD,129,0.7911363636363636,0.016969223478242788,11
splice,BALD,130,0.791590909090909,0.011846556845383773,11
splice,BALD,131,0.7936363636363637,0.016022001917817434,11
splice,BALD,132,0.7913636363636364,0.014507051576889975,11
splice,BALD,133,0.7936363636363637,0.015825755762507686,11
splice,BALD,134,0.7925,0.016393596310755026,11
splice,BALD,135,0.7906818181818182,0.018271935758524222,11
splice,BALD,136,0.7909090909090909,0.01463184571716465,11
splice,BALD,137,0.7920454545454546,0.018194029989882045,11
splice,BALD,138,0.7934090909090908,0.017076033177846353,11
splice,BALD,139,0.7936363636363637,0.016932352035513132,11
splice,BALD,140,0.7955,0.019429359227725426,10
splice,BALD,141,0.797,0.02087662169349565,10
splice,BALD,142,0.796,0.02224235199393767,10
splice,BALD,143,0.79825,0.019294861146602404,10
splice,BALD,144,0.796,0.018491739897706895,10
splice,BALD,145,0.7985,0.019372087594727062,10
splice,BALD,146,0.7967500000000001,0.016793269154303733,10
splice,BALD,147,0.79625,0.01671866887311572,10
splice,BALD,148,0.79625,0.01937387989593778,10
splice,BALD,149,0.797,0.013529802495068287,10
splice,BALD,150,0.79875,0.015953491432563888,10
splice,BALD,151,0.7969999999999999,0.016490738141285394,10
splice,BALD,152,0.8009999999999999,0.016465452046971286,10
splice,BALD,153,0.8007500000000001,0.01438797723409684,10
splice,BALD,154,0.79875,0.012261615807968454,10
splice,BALD,155,0.80175,0.012912633779020863,10
splice,BALD,156,0.8,0.01224744871391591,10
splice,BALD,157,0.8015000000000001,0.011618950038622249,10
splice,BALD,158,0.7997500000000001,0.014407270541099882,10
splice,BALD,159,0.8012499999999999,0.013956778520370179,10
splice,BALD,160,0.8009999999999999,0.01568792883433347,10
splice,BALD,161,0.8009999999999999,0.01275843947266976,10
splice,BALD,162,0.8019999999999999,0.015846485765339594,10
splice,BALD,163,0.80375,0.017330528619237815,10
splice,BALD,164,0.80525,0.01709653961088813,10
splice,BALD,165,0.80475,0.014261934573464356,10
splice,BALD,166,0.807,0.01432751820022497,10
splice,BALD,167,0.80625,0.013398279325677935,10
splice,BALD,168,0.8089999999999999,0.014053469322555202,10
splice,BALD,169,0.8115,0.013601470508735449,10
splice,BALD,170,0.8135,0.012866839377079149,10
splice,BALD,171,0.8119999999999999,0.013733576049635099,10
splice,BALD,172,0.81225,0.014928068268273085,10
splice,BALD,173,0.8105,0.013884443733105711,10
splice,BALD,174,0.8115,0.014962917124975607,10
splice,BALD,175,0.81175,0.013439680055715601,10
splice,BALD,176,0.81125,0.013906932723565501,10
splice,BALD,177,0.8102499999999999,0.012607867913859701,10
splice,BALD,178,0.8089999999999999,0.013904435743076137,10
splice,BALD,179,0.8089999999999999,0.01167856536090324,10
splice,BALD,180,0.81375,0.013501543121683028,10
splice,BALD,181,0.81325,0.015232002130018513,10
splice,BALD,182,0.81425,0.012193463640637748,10
splice,BALD,183,0.81375,0.014872140247978971,10
splice,BALD,184,0.81375,0.01243036157514689,10
splice,BALD,185,0.8135,0.015599145275730095,10
splice,BALD,186,0.81375,0.01638300270944792,10
splice,BALD,187,0.813,0.015356865999719211,10
splice,BALD,188,0.81325,0.014674713701541872,10
splice,BALD,189,0.8130000000000001,0.014804278660801615,10
splice,BALD,190,0.8145,0.013632070031119025,10
splice,BALD,191,0.8162499999999999,0.013856907623596579,10
splice,BALD,192,0.8154999999999999,0.013374935098492543,10
splice,BALD,193,0.8182499999999999,0.013644799579164042,10
splice,BALD,194,0.819,0.013186693629901623,10
splice,BALD,195,0.818,0.014132311283800053,10
splice,BALD,196,0.8185,0.013954290459289649,10
splice,BALD,197,0.8172499999999999,0.01668540613164022,10
splice,BALD,198,0.8150000000000001,0.017320508075688742,10
splice,BALD,199,0.8162499999999999,0.017648182153789486,10
splice,BALD,200,0.8172499999999999,0.015918629896375432,10
splice,BALD,201,0.818,0.016321424229793467,10
splice,BALD,202,0.81875,0.017882719778229108,10
splice,BALD,203,0.819,0.019797586833865462,10
splice,BALD,204,0.818,0.0187749833555186,10
splice,BALD,205,0.81975,0.01857604490854942,10
splice,BALD,206,0.81875,0.015645819462932177,10
splice,BALD,207,0.82,0.016791201399674917,10
splice,BALD,208,0.8220000000000001,0.015581327856693656,10
splice,BALD,209,0.82,0.016708281379802837,10
splice,BALD,210,0.81875,0.017088413878674907,10
splice,BALD,211,0.819,0.015374943540998443,10
splice,BALD,212,0.82075,0.015094609045027341,10
splice,BALD,213,0.8182499999999999,0.01486279845041898,10
splice,BALD,214,0.818,0.01562583331111228,10
splice,BALD,215,0.8195,0.01727232854404214,10
splice,BALD,216,0.82,0.01687371394276381,10
splice,BALD,217,0.8182500000000001,0.01662703621615508,10
splice,BALD,218,0.82,0.01795054935711502,10
splice,BALD,219,0.8195,0.015447042147644691,10
splice,BALD,220,0.82175,0.014193601844962885,10
splice,Core-Set,20,0.60775,0.05660865193311192,20
splice,Core-Set,21,0.6172500000000001,0.05258389287104636,20
splice,Core-Set,22,0.627125,0.05629033641473652,20
splice,Core-Set,23,0.624625,0.06812466803395699,20
splice,Core-Set,24,0.627625,0.0772575792568702,20
splice,Core-Set,25,0.624625,0.07535562616511683,20
splice,Core-Set,26,0.621875,0.08528155767191033,20
splice,Core-Set,27,0.618125,0.08644999695595261,20
splice,Core-Set,28,0.6168750000000001,0.08357896911871653,20
splice,Core-Set,29,0.61875,0.0868093040126339,20
splice,Core-Set,30,0.61475,0.08674637865943635,20
splice,Core-Set,31,0.614875,0.08934143186320903,20
splice,Core-Set,32,0.610375,0.08533322839563177,20
splice,Core-Set,33,0.6068749999999999,0.08462329450975192,20
splice,Core-Set,34,0.6058749999999999,0.0857638856334493,20
splice,Core-Set,35,0.61025,0.08622911646489131,20
splice,Core-Set,36,0.60675,0.08496167866812226,20
splice,Core-Set,37,0.6128750000000001,0.08821428381175608,20
splice,Core-Set,38,0.6092500000000001,0.08463194307986605,20
splice,Core-Set,39,0.6105,0.08181976340842428,20
splice,Core-Set,40,0.612125,0.08199516593581663,20
splice,Core-Set,41,0.612625,0.07995671114981366,20
splice,Core-Set,42,0.6174999999999999,0.08100113709403291,20
splice,Core-Set,43,0.6195,0.07641472715593368,20
splice,Core-Set,44,0.6265,0.07691588023015108,20
splice,Core-Set,45,0.631625,0.0748826933487164,20
splice,Core-Set,46,0.631875,0.07673808410842414,20
splice,Core-Set,47,0.634875,0.07832739572494818,20
splice,Core-Set,48,0.632125,0.08164942308108297,20
splice,Core-Set,49,0.630375,0.08233146661354238,20
splice,Core-Set,50,0.630375,0.08520206245959318,20
splice,Core-Set,51,0.633375,0.08322162468847548,20
splice,Core-Set,52,0.635,0.08232237657047158,20
splice,Core-Set,53,0.630375,0.08209139242652859,20
splice,Core-Set,54,0.631875,0.07864759423496291,20
splice,Core-Set,55,0.6325000000000001,0.07924811138377202,20
splice,Core-Set,56,0.6335,0.07438962151720954,20
splice,Core-Set,57,0.624,0.07934103604062656,20
splice,Core-Set,58,0.627125,0.07838113276601846,20
splice,Core-Set,59,0.63,0.08211032373068503,20
splice,Core-Set,60,0.632125,0.07814155087841686,20
splice,Core-Set,61,0.633,0.07913845295962077,20
splice,Core-Set,62,0.6323749999999999,0.07946148934844909,20
splice,Core-Set,63,0.632375,0.07912546249968765,20
splice,Core-Set,64,0.633875,0.08149295658941458,20
splice,Core-Set,65,0.6345,0.0834912538753863,20
splice,Core-Set,66,0.637375,0.08273481336236435,20
splice,Core-Set,67,0.642625,0.08218430427046917,20
splice,Core-Set,68,0.643,0.08236472162534789,20
splice,Core-Set,69,0.639875,0.08683573042790259,20
splice,Core-Set,70,0.635875,0.0842078998356855,20
splice,Core-Set,71,0.64025,0.08186518121116473,20
splice,Core-Set,72,0.645125,0.07802021920799222,20
splice,Core-Set,73,0.648,0.07535704486327946,20
splice,Core-Set,74,0.64725,0.07854306562577461,20
splice,Core-Set,75,0.65025,0.07466107631014621,20
splice,Core-Set,76,0.65925,0.07078553598909283,20
splice,Core-Set,77,0.6587500000000001,0.06772380052754524,20
splice,Core-Set,78,0.659875,0.07077333630385775,20
splice,Core-Set,79,0.661625,0.07594698202659121,20
splice,Core-Set,80,0.6627500000000001,0.07905652541394868,20
splice,Core-Set,81,0.66525,0.0741437969865244,20
splice,Core-Set,82,0.6676249999999999,0.07023211047736826,20
splice,Core-Set,83,0.6717500000000001,0.06674825051915907,20
splice,Core-Set,84,0.67275,0.06061580912426621,20
splice,Core-Set,85,0.674625,0.06248302401031566,20
splice,Core-Set,86,0.676625,0.06648246207202238,20
splice,Core-Set,87,0.677,0.06474951737271868,20
splice,Core-Set,88,0.678,0.06496760326258166,20
splice,Core-Set,89,0.680375,0.06333533872632993,20
splice,Core-Set,90,0.681375,0.06183847273765998,20
splice,Core-Set,91,0.685625,0.059481725411211266,20
splice,Core-Set,92,0.688875,0.05900197922639186,20
splice,Core-Set,93,0.686,0.060215621333932774,20
splice,Core-Set,94,0.689625,0.05781819851004843,20
splice,Core-Set,95,0.6916249999999999,0.05533554939020474,20
splice,Core-Set,96,0.69375,0.0546309387955599,20
splice,Core-Set,97,0.69575,0.05400475125296603,20
splice,Core-Set,98,0.697625,0.05356055967436839,20
splice,Core-Set,99,0.693625,0.055963304471487584,20
splice,Core-Set,100,0.693875,0.059826915919350666,20
splice,Core-Set,101,0.6915,0.059523325812570936,20
splice,Core-Set,102,0.69275,0.05568886782831915,20
splice,Core-Set,103,0.6935,0.055449123195573574,20
splice,Core-Set,104,0.69675,0.05511411606361555,20
splice,Core-Set,105,0.697875,0.052698715404297644,20
splice,Core-Set,106,0.70075,0.054047372008753876,20
splice,Core-Set,107,0.701125,0.05486511570253573,20
splice,Core-Set,108,0.70125,0.05322803475810962,20
splice,Core-Set,109,0.70125,0.054043720118164745,20
splice,Core-Set,110,0.7005,0.054535116643942574,20
splice,Core-Set,111,0.70075,0.05339832936475981,20
splice,Core-Set,112,0.700875,0.054887894121132326,20
splice,Core-Set,113,0.701625,0.05470179324492503,20
splice,Core-Set,114,0.704125,0.05180476380248809,20
splice,Core-Set,115,0.7065,0.049632862627815244,20
splice,Core-Set,116,0.7056250000000001,0.05037278792322196,20
splice,Core-Set,117,0.7082499999999999,0.04982931392579864,20
splice,Core-Set,118,0.7075,0.04954397302556483,20
splice,Core-Set,119,0.709125,0.05118513224714669,20
splice,Core-Set,120,0.710375,0.05169034191576238,20
splice,Core-Set,121,0.709375,0.05128528951904856,20
splice,Core-Set,122,0.71,0.050692571863195715,20
splice,Core-Set,123,0.708875,0.05209729637393561,20
splice,Core-Set,124,0.70825,0.04880883763806454,20
splice,Core-Set,125,0.7108749999999999,0.05016600731046557,20
splice,Core-Set,126,0.71175,0.04933838582472549,20
splice,Core-Set,127,0.71425,0.04734462121397464,20
splice,Core-Set,128,0.71375,0.048744095458888796,20
splice,Core-Set,129,0.71375,0.04868332147125629,20
splice,Core-Set,130,0.7152499999999999,0.04684029416960078,20
splice,Core-Set,131,0.7136250000000001,0.04471749775270479,20
splice,Core-Set,132,0.71475,0.04464700732588797,20
splice,Core-Set,133,0.7140000000000001,0.04549725266430932,20
splice,Core-Set,134,0.7144999999999999,0.04443801123031118,20
splice,Core-Set,135,0.7146250000000001,0.04251373617030025,20
splice,Core-Set,136,0.7162499999999999,0.04425182125303462,20
splice,Core-Set,137,0.71675,0.04372536900629705,20
splice,Core-Set,138,0.716625,0.044272444501125816,20
splice,Core-Set,139,0.7172499999999999,0.0443587349731826,20
splice,Core-Set,140,0.719375,0.04210634250261317,20
splice,Core-Set,141,0.721125,0.0417028570900566,20
splice,Core-Set,142,0.720875,0.04051701234634267,20
splice,Core-Set,143,0.721875,0.041713898668252807,20
splice,Core-Set,144,0.7215,0.04037162891254984,20
splice,Core-Set,145,0.72275,0.04253404209385824,20
splice,Core-Set,146,0.72325,0.04542272211361323,20
splice,Core-Set,147,0.7255,0.044088726330817105,20
splice,Core-Set,148,0.72525,0.04486749497423674,20
splice,Core-Set,149,0.725125,0.04282365154419864,20
splice,Core-Set,150,0.728,0.04007886961322243,20
splice,Core-Set,151,0.72825,0.04151014460662788,20
splice,Core-Set,152,0.728125,0.04171389866825279,20
splice,Core-Set,153,0.729625,0.04178795942172313,20
splice,Core-Set,154,0.73075,0.042535588814420724,20
splice,Core-Set,155,0.730375,0.04331095491661981,20
splice,Core-Set,156,0.7304999999999999,0.04441579851690992,20
splice,Core-Set,157,0.73225,0.04240236463118289,20
splice,Core-Set,158,0.732125,0.04453912384220843,20
splice,Core-Set,159,0.732375,0.04375826989507842,20
splice,Core-Set,160,0.7315,0.04266145801540307,20
splice,Core-Set,161,0.7342500000000001,0.04361991939952494,20
splice,Core-Set,162,0.736625,0.043143541018082245,20
splice,Core-Set,163,0.7372500000000001,0.04181648503942711,20
splice,Core-Set,164,0.736625,0.03939739338158245,20
splice,Core-Set,165,0.73725,0.042649890479281846,20
splice,Core-Set,166,0.73775,0.039982726533499845,20
splice,Core-Set,167,0.7368750000000001,0.042572500081130976,20
splice,Core-Set,168,0.739625,0.04239751575393613,20
splice,Core-Set,169,0.74,0.04317193289017395,20
splice,Core-Set,170,0.73925,0.04407753336302321,20
splice,Core-Set,171,0.7394999999999999,0.042041646019155825,20
splice,Core-Set,172,0.741375,0.03985561936210303,20
splice,Core-Set,173,0.74375,0.03861500253855531,20
splice,Core-Set,174,0.74425,0.03930397729974598,20
splice,Core-Set,175,0.7461249999999999,0.03974817936909684,20
splice,Core-Set,176,0.746375,0.03784034153345372,20
splice,Core-Set,177,0.74775,0.03777443440657773,20
splice,Core-Set,178,0.748375,0.0377776998408209,20
splice,Core-Set,179,0.747,0.03808404832527794,20
splice,Core-Set,180,0.74775,0.03891539405860928,20
splice,Core-Set,181,0.74825,0.039612431594666174,20
splice,Core-Set,182,0.747375,0.04063213500096745,20
splice,Core-Set,183,0.749,0.04101828860398738,20
splice,Core-Set,184,0.748125,0.03935228041275639,20
splice,Core-Set,185,0.7498750000000001,0.03785772360882395,20
splice,Core-Set,186,0.74975,0.03692007726512984,20
splice,Core-Set,187,0.751625,0.03404017556699113,20
splice,Core-Set,188,0.7505,0.03332061160745305,20
splice,Core-Set,189,0.750875,0.032416644116710684,20
splice,Core-Set,190,0.751875,0.03238212429233466,20
splice,Core-Set,191,0.751625,0.03146923100426831,20
splice,Core-Set,192,0.7528750000000001,0.03135403734600598,20
splice,Core-Set,193,0.754875,0.03136662448493537,20
splice,Core-Set,194,0.753125,0.031107570156677807,20
splice,Core-Set,195,0.7538750000000001,0.029983273846034827,20
splice,Core-Set,196,0.756,0.031123692109489783,20
splice,Core-Set,197,0.75625,0.0312933909282691,20
splice,Core-Set,198,0.755875,0.0327297044385002,20
splice,Core-Set,199,0.756625,0.03329765085755423,20
splice,Core-Set,200,0.757375,0.032812014407434455,20
splice,Core-Set,201,0.757,0.03472258479342869,20
splice,Core-Set,202,0.75475,0.034838915023289695,20
splice,Core-Set,203,0.756625,0.03394340297116893,20
splice,Core-Set,204,0.75675,0.033266270257456085,20
splice,Core-Set,205,0.7581249999999999,0.03279597014718026,20
splice,Core-Set,206,0.758875,0.031166731166083938,20
splice,Core-Set,207,0.76025,0.03192198549424419,20
splice,Core-Set,208,0.761,0.03148098841489808,20
splice,Core-Set,209,0.76075,0.03319697988799901,20
splice,Core-Set,210,0.7595,0.03178463713643333,20
splice,Core-Set,211,0.759875,0.03362403393251227,20
splice,Core-Set,212,0.76075,0.03224189004516034,20
splice,Core-Set,213,0.7595,0.03231831809068235,20
splice,Core-Set,214,0.76125,0.031752538232565394,20
splice,Core-Set,215,0.7618750000000001,0.030606533100321118,20
splice,Core-Set,216,0.762,0.030592826816617954,20
splice,Core-Set,217,0.761125,0.031398070255821045,20
splice,Core-Set,218,0.762875,0.03152145259476805,20
splice,Core-Set,219,0.7635,0.03103902467268551,20
splice,Core-Set,220,0.7635,0.030633658818880565,20
splice,QBC,20,0.60775,0.0581598611109453,10
splice,QBC,21,0.6065,0.059959708693977674,10
splice,QBC,22,0.6046,0.05023986907272393,10
splice,QBC,23,0.6104,0.057960139559681656,10
splice,QBC,24,0.6127,0.06252830470186191,10
splice,QBC,25,0.6143,0.061485409289973446,10
splice,QBC,26,0.6221,0.057244990076764736,10
splice,QBC,27,0.6319,0.05429845506294096,10
splice,QBC,28,0.6456999999999999,0.05794834864869846,10
splice,QBC,29,0.6527000000000001,0.05710818193958236,10
splice,QBC,30,0.6525000000000001,0.050724199791070575,10
splice,QBC,31,0.6517000000000001,0.050876866605123736,10
splice,QBC,32,0.654,0.05657443474456166,10
splice,QBC,33,0.6599999999999999,0.06283488061755366,10
splice,QBC,34,0.6589,0.062036637920219705,10
splice,QBC,35,0.6673,0.056891807650818894,10
splice,QBC,36,0.6799,0.05588172032665658,10
splice,QBC,37,0.6813,0.055325401037859614,10
splice,QBC,38,0.6856,0.043602242551909594,10
splice,QBC,39,0.6801,0.04839754355566221,10
splice,QBC,40,0.6817,0.04954021935088028,10
splice,QBC,41,0.6876,0.05247263837256303,10
splice,QBC,42,0.6945,0.046581469849429735,10
splice,QBC,43,0.7017,0.03948572175131435,10
splice,QBC,44,0.7001,0.03949528804525645,10
splice,QBC,45,0.7041999999999999,0.03147768168789505,10
splice,QBC,46,0.7057,0.03211455191100203,10
splice,QBC,47,0.7121,0.033177803825248396,10
splice,QBC,48,0.7196,0.03175321506031581,10
splice,QBC,49,0.7207,0.03701666291460285,10
splice,QBC,50,0.7175,0.03628054268857866,10
splice,QBC,51,0.7168,0.03999944444058635,10
splice,QBC,52,0.7196,0.03763036598871244,10
splice,QBC,53,0.7201,0.03842583043272384,10
splice,QBC,54,0.7263,0.03060519200687656,10
splice,QBC,55,0.7264999999999999,0.02549182875615896,10
splice,QBC,56,0.7269,0.025557995052646658,10
splice,QBC,57,0.7209,0.027436593568930245,10
splice,QBC,58,0.7243999999999999,0.029178378600905462,10
splice,QBC,59,0.7228,0.034819534747035315,10
splice,QBC,60,0.7213,0.029810699048794187,10
splice,QBC,61,0.7282,0.0317518153461779,10
splice,QBC,62,0.7275,0.0391244453279816,10
splice,QBC,63,0.7245,0.03877069339935341,10
splice,QBC,64,0.7299,0.03986769786849163,10
splice,QBC,65,0.7293000000000001,0.030753680899835205,10
splice,QBC,66,0.7333000000000001,0.032052214345415275,10
splice,QBC,67,0.74,0.03294102474288123,10
splice,QBC,68,0.7406,0.038764817955345934,10
splice,QBC,69,0.7376,0.03610540125798354,10
splice,QBC,70,0.7401,0.04166653333312001,10
splice,QBC,71,0.741,0.0413602063179896,10
splice,QBC,72,0.7448,0.041967712457184156,10
splice,QBC,73,0.7463,0.0371185787563168,10
splice,QBC,74,0.7456,0.03839328645016528,10
splice,QBC,75,0.7474999999999999,0.0333308332395763,10
splice,QBC,76,0.7515000000000001,0.032732077368979956,10
splice,QBC,77,0.7473,0.03387247325549827,10
splice,QBC,78,0.7481,0.035450905019007155,10
splice,QBC,79,0.748,0.030228757463345714,10
splice,QBC,80,0.7489,0.029920078728357526,10
splice,QBC,81,0.7487999999999999,0.030557050468481662,10
splice,QBC,82,0.7504000000000001,0.03480804504708649,10
splice,QBC,83,0.7476,0.04259942618288552,10
splice,QBC,84,0.7521,0.037934007023894656,10
splice,QBC,85,0.7546,0.04049197451347611,10
splice,QBC,86,0.7535000000000001,0.03369553217993284,10
splice,QBC,87,0.7592000000000001,0.028603807050422134,10
splice,QBC,88,0.7567,0.03165104878023618,10
splice,QBC,89,0.7626999999999999,0.026691863096373714,10
splice,QBC,90,0.7635,0.02706063151106748,10
splice,QBC,91,0.7626000000000001,0.0274922211220233,10
splice,QBC,92,0.7593333333333333,0.026172504656604832,9
splice,QBC,93,0.7565555555555555,0.026448587443902924,9
splice,QBC,94,0.758,0.02505992817228334,9
splice,QBC,95,0.7596666666666666,0.025387004549572222,9
splice,QBC,96,0.7582222222222222,0.02773886162848876,9
splice,QBC,97,0.759,0.023553131426627776,9
splice,QBC,98,0.7621111111111111,0.02353425399521115,9
splice,QBC,99,0.761888888888889,0.020533170995029278,9
splice,QBC,100,0.7636666666666667,0.019228884523029417,9
splice,QBC,101,0.7647777777777778,0.021579954690509537,9
splice,QBC,102,0.7686666666666667,0.020087309426600697,9
splice,QBC,103,0.7673333333333334,0.018500000000000013,9
splice,QBC,104,0.7658888888888888,0.017091258324392383,9
splice,QBC,105,0.7662222222222222,0.01629246587979993,9
splice,QBC,106,0.769,0.016340134638368215,9
splice,QBC,107,0.7685555555555555,0.019171013999728308,9
splice,QBC,108,0.7673333333333334,0.017277152543171,9
splice,QBC,109,0.7675555555555555,0.016287350238076728,9
splice,QBC,110,0.7675555555555555,0.01728518954995225,9
splice,QBC,111,0.7703333333333333,0.01668831926827865,9
splice,QBC,112,0.7744444444444445,0.01605545943838974,9
splice,QBC,113,0.7753333333333333,0.015890248582070717,9
splice,QBC,114,0.7731111111111111,0.014356570311572024,9
splice,QBC,115,0.7797777777777778,0.02104624537641915,9
splice,QBC,116,0.777,0.01935846068260595,9
splice,QBC,117,0.78,0.019397164741270834,9
splice,QBC,118,0.7796666666666667,0.01942292459955503,9
splice,QBC,119,0.7816666666666667,0.018027756377319973,9
splice,QBC,120,0.7794444444444445,0.024362425531497832,9
splice,QBC,121,0.781,0.021777281740382595,9
splice,QBC,122,0.7825555555555556,0.02067674485449238,9
splice,QBC,123,0.7832222222222223,0.024621016316237716,9
splice,QBC,124,0.7815555555555556,0.024295632895188733,9
splice,QBC,125,0.7851111111111111,0.023121658917800627,9
splice,QBC,126,0.7843333333333333,0.02686540526401936,9
splice,QBC,127,0.7852222222222223,0.02470717394694189,9
splice,QBC,128,0.7829999999999999,0.024688053791257016,9
splice,QBC,129,0.7805555555555556,0.024551533104427068,9
splice,QBC,130,0.7797777777777779,0.022314668817718215,9
splice,QBC,131,0.7792222222222223,0.027972208429876327,9
splice,QBC,132,0.7811111111111111,0.025560929386685284,9
splice,QBC,133,0.7773333333333334,0.024561148181630275,9
splice,QBC,134,0.7807777777777778,0.023112646850684253,9
splice,QBC,135,0.7831111111111111,0.026098105508084533,9
splice,QBC,136,0.7817777777777778,0.023166666666666648,9
splice,QBC,137,0.7821111111111111,0.026002136664341858,9
splice,QBC,138,0.7821111111111111,0.02566828999195527,9
splice,QBC,139,0.7807777777777778,0.029684919478490154,9
splice,QBC,140,0.7827777777777778,0.027729847537345823,9
splice,QBC,141,0.782888888888889,0.0265868597452033,9
splice,QBC,142,0.7833333333333333,0.02850438562747848,9
splice,QBC,143,0.7848888888888889,0.027863257367205133,9
splice,QBC,144,0.7874444444444444,0.03051274779133759,9
splice,QBC,145,0.7856666666666666,0.029060282173440755,9
splice,QBC,146,0.786,0.03211697370550344,9
splice,QBC,147,0.7867777777777777,0.0339329404037499,9
splice,QBC,148,0.7873333333333333,0.03470590727815653,9
splice,QBC,149,0.7872222222222223,0.032961256718220616,9
splice,QBC,150,0.7855555555555556,0.03431148171935709,9
splice,QBC,151,0.7857777777777778,0.03256446597818615,9
splice,QBC,152,0.7876666666666667,0.027995535358338822,9
splice,QBC,153,0.7842222222222222,0.026352313834736497,9
splice,QBC,154,0.7862222222222223,0.02667760192454418,9
splice,QBC,155,0.7857777777777778,0.024631168150220654,9
splice,QBC,156,0.8083333333333332,0.010408329997330611,3
splice,QBC,157,0.792,,1
splice,QBC,158,0.797,,1
splice,QBC,159,0.805,,1
splice,QBC,160,0.812,,1
splice,QBC,161,0.8,,1
splice,QBC,162,0.797,,1
splice,QBC,163,0.785,,1
splice,QBC,164,0.787,,1
splice,QBC,165,0.792,,1
splice,QBC,166,0.79,,1
splice,QBC,167,0.785,,1
splice,QBC,168,0.787,,1
splice,QBC,169,0.797,,1
splice,QBC,170,0.795,,1
splice,QBC,171,0.795,,1
splice,QBC,172,0.79,,1
splice,QBC,173,0.795,,1
splice,QBC,174,0.795,,1
splice,QBC,175,0.792,,1
splice,QBC,176,0.795,,1
splice,QBC,177,0.797,,1
splice,QBC,178,0.797,,1
splice,QBC,179,0.795,,1
splice,QBC,180,0.792,,1
splice,QBC,181,0.795,,1
splice,QBC,182,0.797,,1
splice,QBC,183,0.8,,1
splice,QBC,184,0.812,,1
splice,QBC,185,0.805,,1
splice,QBC,186,0.812,,1
splice,QBC,187,0.815,,1
splice,QBC,188,0.81,,1
splice,QBC,189,0.802,,1
splice,QBC,190,0.805,,1
splice,QBC,191,0.797,,1
splice,QBC,192,0.805,,1
splice,QBC,193,0.805,,1
splice,QBC,194,0.797,,1
splice,QBC,195,0.79,,1
splice,QBC,196,0.792,,1
splice,QBC,197,0.787,,1
splice,QBC,198,0.78,,1
splice,QBC,199,0.785,,1
splice,QBC,200,0.782,,1
splice,QBC,201,0.785,,1
splice,QBC,202,0.787,,1
splice,QBC,203,0.782,,1
splice,QBC,204,0.785,,1
splice,QBC,205,0.797,,1
splice,QBC,206,0.795,,1
splice,QBC,207,0.8,,1
splice,QBC,208,0.802,,1
splice,QBC,209,0.797,,1
splice,QBC,210,0.8,,1
splice,QBC,211,0.802,,1
splice,QBC,212,0.802,,1
splice,QBC,213,0.805,,1
splice,QBC,214,0.797,,1
splice,QBC,215,0.797,,1
splice,QBC,216,0.815,,1
splice,QBC,217,0.818,,1
splice,QBC,218,0.815,,1
splice,QBC,219,0.812,,1
splice,QBC,220,0.82,,1
splice,Random,20,0.60775,0.05660865193311192,20
splice,Random,21,0.60975,0.054657425941278225,20
splice,Random,22,0.62175,0.0555717885640774,20
splice,Random,23,0.6265,0.05544319046033562,20
splice,Random,24,0.63375,0.058717096048945164,20
splice,Random,25,0.63125,0.05417138980757473,20
splice,Random,26,0.6365000000000001,0.057241409376153726,20
splice,Random,27,0.64625,0.05018714974971185,20
splice,Random,28,0.6457499999999999,0.04677845320455271,20
splice,Random,29,0.6487499999999999,0.044326094251343054,20
splice,Random,30,0.65125,0.04263137589295373,20
splice,Random,31,0.6475,0.04154895653892748,20
splice,Random,32,0.65425,0.04164464330246418,20
splice,Random,33,0.65075,0.04127969425631369,20
splice,Random,34,0.66625,0.04186837143137756,20
splice,Random,35,0.671,0.0389365205376514,20
splice,Random,36,0.67825,0.04172355765221721,20
splice,Random,37,0.6785,0.04028190138197762,20
splice,Random,38,0.6755,0.043419617201153886,20
splice,Random,39,0.66575,0.05841153905468375,20
splice,Random,40,0.6721250000000001,0.04608541126624506,20
splice,Random,41,0.689,0.03761298767853018,20
splice,Random,42,0.6845,0.04206511243549133,20
splice,Random,43,0.690125,0.040777598016558066,20
splice,Random,44,0.692,0.03904787884258589,20
splice,Random,45,0.69775,0.03680406871100276,20
splice,Random,46,0.70025,0.038805350960375226,20
splice,Random,47,0.7,0.037853596088642694,20
splice,Random,48,0.697,0.03896354571566665,20
splice,Random,49,0.6917500000000001,0.05158092772782553,20
splice,Random,50,0.692,0.048419765429115046,20
splice,Random,51,0.6990000000000001,0.04024922359499618,20
splice,Random,52,0.7070000000000001,0.03386894245703421,20
splice,Random,53,0.70675,0.0366894865193373,20
splice,Random,54,0.70625,0.03618755965361869,20
splice,Random,55,0.696625,0.038977684236253134,20
splice,Random,56,0.69475,0.03907566883287912,20
splice,Random,57,0.694875,0.03558232670419699,20
splice,Random,58,0.70225,0.028503231580407094,20
splice,Random,59,0.7065,0.026660635282832433,20
splice,Random,60,0.7112499999999999,0.030397584737849447,20
splice,Random,61,0.7060000000000001,0.03173077536498527,20
splice,Random,62,0.7095,0.02721261317458274,20
splice,Random,63,0.71425,0.02942541865730875,20
splice,Random,64,0.721,0.027438927399628874,20
splice,Random,65,0.719,0.029916550603303175,20
splice,Random,66,0.7205,0.030860466961026848,20
splice,Random,67,0.723625,0.035499027043746294,20
splice,Random,68,0.7215,0.0325495573581351,20
splice,Random,69,0.720875,0.03349464804067093,20
splice,Random,70,0.723,0.030344513073770216,20
splice,Random,71,0.721,0.029428772172466637,20
splice,Random,72,0.7224999999999999,0.031055976626255474,20
splice,Random,73,0.723375,0.030449213540962874,20
splice,Random,74,0.72425,0.03015420892329087,20
splice,Random,75,0.7262500000000001,0.029630398686413026,20
splice,Random,76,0.72575,0.03143602526100474,20
splice,Random,77,0.72725,0.028983888446405606,20
splice,Random,78,0.729,0.02920436160648105,20
splice,Random,79,0.725,0.026950246556825475,20
splice,Random,80,0.728,0.028855356157000862,20
splice,Random,81,0.731375,0.028521402397793164,20
splice,Random,82,0.73275,0.02810810896296093,20
splice,Random,83,0.72875,0.026438856970276474,20
splice,Random,84,0.72975,0.02669146325187728,20
splice,Random,85,0.7295,0.031388901826835826,20
splice,Random,86,0.7315,0.03125026315678669,20
splice,Random,87,0.73325,0.03326627025745605,20
splice,Random,88,0.7310000000000001,0.034549735317746126,20
splice,Random,89,0.73575,0.029758899597652443,20
splice,Random,90,0.736,0.02611210648843094,20
splice,Random,91,0.73775,0.02581436768443823,20
splice,Random,92,0.74075,0.027721595230167807,20
splice,Random,93,0.73975,0.028178239084349025,20
splice,Random,94,0.742,0.03190858653617926,20
splice,Random,95,0.74425,0.03164461374305852,20
splice,Random,96,0.7464999999999999,0.029428772172466647,20
splice,Random,97,0.7455,0.025567248786803727,20
splice,Random,98,0.74675,0.026133513470557125,20
splice,Random,99,0.74725,0.024018907026274985,20
splice,Random,100,0.7424999999999999,0.02562379650575654,20
splice,Random,101,0.74325,0.025392964214107572,20
splice,Random,102,0.74375,0.024204447177283255,20
splice,Random,103,0.74025,0.024480120828735193,20
splice,Random,104,0.74425,0.02392559739121086,20
splice,Random,105,0.7434999999999999,0.022159707389289844,20
splice,Random,106,0.74225,0.023239315598220293,20
splice,Random,107,0.7455,0.02205853456983082,20
splice,Random,108,0.74425,0.01810241333140561,20
splice,Random,109,0.74725,0.02011316667469871,20
splice,Random,110,0.74825,0.021705262519781506,20
splice,Random,111,0.7474999999999999,0.020326285807713163,20
splice,Random,112,0.7497499999999999,0.01804417094973217,20
splice,Random,113,0.751125,0.02012256850299917,20
splice,Random,114,0.7525000000000001,0.020932221447730798,20
splice,Random,115,0.7575000000000001,0.022004784168807228,20
splice,Random,116,0.758,0.022147828692435593,20
splice,Random,117,0.756,0.02288989664504958,20
splice,Random,118,0.75675,0.022065989548099633,20
splice,Random,119,0.7545,0.022472205054244226,20
splice,Random,120,0.7582500000000001,0.022244159493650186,20
splice,Random,121,0.7575,0.019768395829814066,20
splice,Random,122,0.7621249999999999,0.02240880642210018,20
splice,Random,123,0.7617499999999999,0.019332614929181195,20
splice,Random,124,0.7617499999999999,0.022273715923766108,20
splice,Random,125,0.762,0.017910596686995385,20
splice,Random,126,0.760875,0.020778832219859027,20
splice,Random,127,0.761,0.020812445669282642,20
splice,Random,128,0.761,0.02195090215146423,20
splice,Random,129,0.761125,0.026012079683748548,20
splice,Random,130,0.76275,0.02171738328717586,20
splice,Random,131,0.76525,0.023040296507595023,20
splice,Random,132,0.76725,0.02442631238730286,20
splice,Random,133,0.76925,0.02376003942934882,20
splice,Random,134,0.7707499999999999,0.02536704243906381,20
splice,Random,135,0.771,0.02198085291195142,20
splice,Random,136,0.774,0.02257152374587341,20
splice,Random,137,0.77425,0.023425413550244984,20
splice,Random,138,0.77675,0.027531082912152036,20
splice,Random,139,0.77675,0.02738732899487798,20
splice,Random,140,0.7785,0.02947344924718374,20
splice,Random,141,0.77725,0.028892951243840535,20
splice,Random,142,0.780875,0.02870305091064271,20
splice,Random,143,0.7785,0.02936162909577556,20
splice,Random,144,0.78025,0.02634412947688224,20
splice,Random,145,0.78125,0.027678844286794756,20
splice,Random,146,0.78275,0.02596683106945231,20
splice,Random,147,0.7797499999999999,0.031023123803484324,20
splice,Random,148,0.780375,0.0322538757361034,20
splice,Random,149,0.78175,0.0347557265255064,20
splice,Random,150,0.7825,0.03234273692158638,20
splice,Random,151,0.784,0.029339213924101843,20
splice,Random,152,0.7835,0.029695826394683104,20
splice,Random,153,0.78275,0.02963483902791654,20
splice,Random,154,0.7809999999999999,0.029982451007565285,20
splice,Random,155,0.78,0.027553775173572666,20
splice,Random,156,0.783,0.02652704677355387,20
splice,Random,157,0.78325,0.02920098231945379,20
splice,Random,158,0.7849999999999999,0.029289840164161116,20
splice,Random,159,0.7847500000000001,0.029723506558030178,20
splice,Random,160,0.78525,0.02896118091514917,20
splice,Random,161,0.78525,0.029545905406939042,20
splice,Random,162,0.7835,0.029159272245629458,20
splice,Random,163,0.7865,0.028172401575412717,20
splice,Random,164,0.7855,0.026969768650335728,20
splice,Random,165,0.78575,0.027816362091402255,20
splice,Random,166,0.78775,0.028687288584245622,20
splice,Random,167,0.7915,0.027725154833225293,20
splice,Random,168,0.79075,0.02881542898116252,20
splice,Random,169,0.79225,0.027943787559275023,20
splice,Random,170,0.791,0.031896213271368615,20
splice,Random,171,0.79025,0.03011928041357526,20
splice,Random,172,0.79,0.029735677667001147,20
splice,Random,173,0.7899999999999999,0.030305462422335342,20
splice,Random,174,0.791,0.02840496620774541,20
splice,Random,175,0.79325,0.03008868470652083,20
splice,Random,176,0.79525,0.03025005437141699,20
splice,Random,177,0.79425,0.031226043448917513,20
splice,Random,178,0.796,0.030975372220693746,20
splice,Random,179,0.79625,0.031061272214430415,20
splice,Random,180,0.7945,0.03157697362252904,20
splice,Random,181,0.79525,0.032106934814116,20
splice,Random,182,0.79475,0.033115626777129044,20
splice,Random,183,0.79425,0.03363992771755171,20
splice,Random,184,0.79225,0.03192198549424421,20
splice,Random,185,0.7927500000000001,0.03245340789825509,20
splice,Random,186,0.79525,0.03117121647998528,20
splice,Random,187,0.796,0.03168928093718424,20
splice,Random,188,0.796,0.03152275702609649,20
splice,Random,189,0.79425,0.030066811568484213,20
splice,Random,190,0.7957500000000001,0.03238440982942256,20
splice,Random,191,0.79375,0.03328999375503886,20
splice,Random,192,0.794,0.03313052337267505,20
splice,Random,193,0.7945,0.03330086137656282,20
splice,Random,194,0.79625,0.03208233650764037,20
splice,Random,195,0.7966249999999999,0.03122788691302425,20
splice,Random,196,0.79575,0.032343753972794057,20
splice,Random,197,0.794,0.033915529745158594,20
splice,Random,198,0.7945,0.03590557792761158,20
splice,Random,199,0.7965,0.033525324285099065,20
splice,Random,200,0.79575,0.03373757081075231,20
splice,Random,201,0.7966249999999999,0.029793974576290277,20
splice,Random,202,0.7965,0.031208129844978737,20
splice,Random,203,0.79775,0.031860097135346044,20
splice,Random,204,0.7975,0.03511260082708351,20
splice,Random,205,0.79725,0.03619119549806205,20
splice,Random,206,0.7975,0.03498119795727865,20
splice,Random,207,0.79975,0.037406901980643524,20
splice,Random,208,0.8022500000000001,0.03639060752157724,20
splice,Random,209,0.8045,0.03627018494286281,20
splice,Random,210,0.8029999999999999,0.035777087639996624,20
splice,Random,211,0.8015000000000001,0.03408966504907163,20
splice,Random,212,0.8007500000000001,0.031769109458552235,20
splice,Random,213,0.7995,0.03252124811484591,20
splice,Random,214,0.7979999999999999,0.03394655241777334,20
splice,Random,215,0.79775,0.03419083441354917,20
splice,Random,216,0.796375,0.03343763834206505,20
splice,Random,217,0.79775,0.03194258830101938,20
splice,Random,218,0.7969999999999999,0.03136793535477037,20
splice,Random,219,0.7962499999999999,0.03434059282815999,20
splice,Random,220,0.79825,0.0324250147100563,20
splice,Uncertainty Sampling (US),20,0.611909090909091,0.05490725268401614,55
splice,Uncertainty Sampling (US),21,0.6174999999999999,0.05258810948550309,55
splice,Uncertainty Sampling (US),22,0.6336818181818181,0.05830128990031356,55
splice,Uncertainty Sampling (US),23,0.6447727272727273,0.04743727029240421,55
splice,Uncertainty Sampling (US),24,0.6402272727272728,0.0543379188744787,55
splice,Uncertainty Sampling (US),25,0.6470454545454545,0.05902779263220254,55
splice,Uncertainty Sampling (US),26,0.6584090909090908,0.04919576266278491,55
splice,Uncertainty Sampling (US),27,0.6596818181818181,0.0443994247998656,55
splice,Uncertainty Sampling (US),28,0.6601818181818182,0.03415939809356242,55
splice,Uncertainty Sampling (US),29,0.6710454545454545,0.042738142467224995,55
splice,Uncertainty Sampling (US),30,0.6836818181818182,0.041984494893327104,55
splice,Uncertainty Sampling (US),31,0.6885909090909091,0.03647603105809131,55
splice,Uncertainty Sampling (US),32,0.6935909090909091,0.030401494071029517,55
splice,Uncertainty Sampling (US),33,0.6949090909090909,0.029541103020651868,55
splice,Uncertainty Sampling (US),34,0.6930454545454545,0.031026761556113665,55
splice,Uncertainty Sampling (US),35,0.6941818181818181,0.04058614108886,55
splice,Uncertainty Sampling (US),36,0.6938181818181819,0.043604532090772606,55
splice,Uncertainty Sampling (US),37,0.699409090909091,0.04666905657661018,55
splice,Uncertainty Sampling (US),38,0.6974545454545454,0.0409931422366926,55
splice,Uncertainty Sampling (US),39,0.6999545454545455,0.03986810113631561,55
splice,Uncertainty Sampling (US),40,0.707,0.04240839801527785,55
splice,Uncertainty Sampling (US),41,0.7047272727272726,0.03736913191662366,55
splice,Uncertainty Sampling (US),42,0.7042272727272728,0.0357391291658786,55
splice,Uncertainty Sampling (US),43,0.7077272727272726,0.03668330660075486,55
splice,Uncertainty Sampling (US),44,0.7120909090909091,0.02936741878673176,55
splice,Uncertainty Sampling (US),45,0.7093636363636364,0.030150925074171147,55
splice,Uncertainty Sampling (US),46,0.7118636363636365,0.03087916331885834,55
splice,Uncertainty Sampling (US),47,0.7111363636363636,0.033863212660897535,55
splice,Uncertainty Sampling (US),48,0.7198181818181819,0.03242460822978775,55
splice,Uncertainty Sampling (US),49,0.7215454545454546,0.031463128439150015,55
splice,Uncertainty Sampling (US),50,0.7225454545454546,0.0320679649666825,55
splice,Uncertainty Sampling (US),51,0.7196363636363636,0.034303311381223424,55
splice,Uncertainty Sampling (US),52,0.719409090909091,0.037217962970543764,55
splice,Uncertainty Sampling (US),53,0.7225454545454546,0.031089368304113563,55
splice,Uncertainty Sampling (US),54,0.7228636363636364,0.03537961520024169,55
splice,Uncertainty Sampling (US),55,0.7254090909090909,0.03447611772811279,55
splice,Uncertainty Sampling (US),56,0.7225454545454546,0.04009967589312921,55
splice,Uncertainty Sampling (US),57,0.7297272727272727,0.03413844609356878,55
splice,Uncertainty Sampling (US),58,0.7305909090909091,0.028487991444916875,55
splice,Uncertainty Sampling (US),59,0.7352727272727272,0.03024082630745357,55
splice,Uncertainty Sampling (US),60,0.7313181818181818,0.03454349963456754,55
splice,Uncertainty Sampling (US),61,0.7353181818181819,0.03362048037040371,55
splice,Uncertainty Sampling (US),62,0.7394999999999999,0.03197003805648868,55
splice,Uncertainty Sampling (US),63,0.737909090909091,0.03113130657647138,55
splice,Uncertainty Sampling (US),64,0.7365,0.03665909012630957,55
splice,Uncertainty Sampling (US),65,0.7408636363636364,0.03919685060873,55
splice,Uncertainty Sampling (US),66,0.7423636363636363,0.0396466399661568,55
splice,Uncertainty Sampling (US),67,0.7446363636363637,0.043291695224614075,55
splice,Uncertainty Sampling (US),68,0.7411363636363637,0.04529690678522946,55
splice,Uncertainty Sampling (US),69,0.742,0.04248202234148255,55
splice,Uncertainty Sampling (US),70,0.7422685185185186,0.041797096694667954,54
splice,Uncertainty Sampling (US),71,0.7388425925925927,0.039396128541965135,54
splice,Uncertainty Sampling (US),72,0.7434722222222222,0.03519962165677172,54
splice,Uncertainty Sampling (US),73,0.7468055555555556,0.03406575448938154,54
splice,Uncertainty Sampling (US),74,0.7498611111111111,0.029637816337117408,54
splice,Uncertainty Sampling (US),75,0.7502314814814816,0.03233911017360255,54
splice,Uncertainty Sampling (US),76,0.7506944444444444,0.03196554995065469,54
splice,Uncertainty Sampling (US),77,0.751712962962963,0.030667972638767433,54
splice,Uncertainty Sampling (US),78,0.7506018518518518,0.03042131508663424,54
splice,Uncertainty Sampling (US),79,0.7532407407407407,0.031460628395879056,54
splice,Uncertainty Sampling (US),80,0.7568055555555555,0.02895351131745617,54
splice,Uncertainty Sampling (US),81,0.7581481481481481,0.030546072475455033,54
splice,Uncertainty Sampling (US),82,0.7610648148148149,0.031340348081819194,54
splice,Uncertainty Sampling (US),83,0.7657075471698114,0.029731884264957844,53
splice,Uncertainty Sampling (US),84,0.7657547169811321,0.029169534726634912,53
splice,Uncertainty Sampling (US),85,0.7684433962264151,0.025477301431741782,53
splice,Uncertainty Sampling (US),86,0.7719811320754717,0.027290982284966854,53
splice,Uncertainty Sampling (US),87,0.7722169811320755,0.02467899866944689,53
splice,Uncertainty Sampling (US),88,0.7696226415094339,0.02420563063476565,53
splice,Uncertainty Sampling (US),89,0.770188679245283,0.023862834479078693,53
splice,Uncertainty Sampling (US),90,0.7713207547169811,0.02596041630644746,53
splice,Uncertainty Sampling (US),91,0.7709433962264151,0.02482741590563795,53
splice,Uncertainty Sampling (US),92,0.7695754716981132,0.02555977086736994,53
splice,Uncertainty Sampling (US),93,0.7706603773584906,0.023773525511364062,53
splice,Uncertainty Sampling (US),94,0.7700471698113207,0.022999219081839644,53
splice,Uncertainty Sampling (US),95,0.7730660377358491,0.02071232393635978,53
splice,Uncertainty Sampling (US),96,0.7734433962264151,0.0206285044522413,53
splice,Uncertainty Sampling (US),97,0.770188679245283,0.021699704538730807,53
splice,Uncertainty Sampling (US),98,0.7725943396226415,0.020818366660737345,53
splice,Uncertainty Sampling (US),99,0.7748584905660378,0.019386101623052873,53
splice,Uncertainty Sampling (US),100,0.7717924528301887,0.02051252758922444,53
splice,Uncertainty Sampling (US),101,0.7705660377358491,0.026505811724080328,53
splice,Uncertainty Sampling (US),102,0.7774528301886792,0.0243989801471416,53
splice,Uncertainty Sampling (US),103,0.7759905660377358,0.02445728037078077,53
splice,Uncertainty Sampling (US),104,0.7771698113207547,0.022236911317980196,53
splice,Uncertainty Sampling (US),105,0.778066037735849,0.024077406768397147,53
splice,Uncertainty Sampling (US),106,0.7838679245283019,0.022868594299277848,53
splice,Uncertainty Sampling (US),107,0.7832547169811321,0.022963102226412416,53
splice,Uncertainty Sampling (US),108,0.7822169811320755,0.02325992539052338,53
splice,Uncertainty Sampling (US),109,0.7815094339622641,0.022687994657891578,53
splice,Uncertainty Sampling (US),110,0.7871698113207547,0.022802653227080496,53
splice,Uncertainty Sampling (US),111,0.7878301886792454,0.024169064659232825,53
splice,Uncertainty Sampling (US),112,0.7871698113207547,0.02651667534057693,53
splice,Uncertainty Sampling (US),113,0.7879245283018868,0.02623275921482951,53
splice,Uncertainty Sampling (US),114,0.7878773584905661,0.02401119643888457,53
splice,Uncertainty Sampling (US),115,0.7899528301886792,0.02329519266826053,53
splice,Uncertainty Sampling (US),116,0.7905288461538462,0.024067595467426973,52
splice,Uncertainty Sampling (US),117,0.7920192307692309,0.023046407048129075,52
splice,Uncertainty Sampling (US),118,0.7937019230769231,0.021740957014711564,52
splice,Uncertainty Sampling (US),119,0.7947596153846154,0.023500415178772053,52
splice,Uncertainty Sampling (US),120,0.7970192307692308,0.022360890564726198,52
splice,Uncertainty Sampling (US),121,0.7982211538461539,0.02399620342959883,52
splice,Uncertainty Sampling (US),122,0.7983653846153846,0.020489623242838886,52
splice,Uncertainty Sampling (US),123,0.7972596153846154,0.02122625325628969,52
splice,Uncertainty Sampling (US),124,0.7984134615384615,0.020043022636574974,52
splice,Uncertainty Sampling (US),125,0.7952884615384614,0.022402587856869677,52
splice,Uncertainty Sampling (US),126,0.800625,0.021084999546652883,52
splice,Uncertainty Sampling (US),127,0.8009615384615384,0.023609122147320936,52
splice,Uncertainty Sampling (US),128,0.8013942307692308,0.020653617766572093,52
splice,Uncertainty Sampling (US),129,0.7992788461538461,0.02119781099074609,52
splice,Uncertainty Sampling (US),130,0.7996153846153846,0.02045670113722636,52
splice,Uncertainty Sampling (US),131,0.79875,0.01883558896782113,52
splice,Uncertainty Sampling (US),132,0.7959134615384615,0.023974193877929068,52
splice,Uncertainty Sampling (US),133,0.7990865384615385,0.022870205198511465,52
splice,Uncertainty Sampling (US),134,0.799326923076923,0.02351009057775738,52
splice,Uncertainty Sampling (US),135,0.7992788461538461,0.021168885199823795,52
splice,Uncertainty Sampling (US),136,0.7996153846153846,0.019543720566326684,52
splice,Uncertainty Sampling (US),137,0.8004807692307693,0.018317986858111233,52
splice,Uncertainty Sampling (US),138,0.7996634615384616,0.019926512330690423,52
splice,Uncertainty Sampling (US),139,0.8006730769230769,0.019510651845721285,52
splice,Uncertainty Sampling (US),140,0.8009134615384615,0.01945349435666423,52
splice,Uncertainty Sampling (US),141,0.799326923076923,0.02177264082251218,52
splice,Uncertainty Sampling (US),142,0.7978846153846154,0.02004519779775523,52
splice,Uncertainty Sampling (US),143,0.8010576923076923,0.020336303346130097,52
splice,Uncertainty Sampling (US),144,0.8023076923076923,0.020833408747978153,52
splice,Uncertainty Sampling (US),145,0.8047115384615384,0.023694614709131222,52
splice,Uncertainty Sampling (US),146,0.8023076923076923,0.025359407475556515,52
splice,Uncertainty Sampling (US),147,0.8029326923076923,0.023936809959573223,52
splice,Uncertainty Sampling (US),148,0.8045192307692308,0.025710675576739884,52
splice,Uncertainty Sampling (US),149,0.8075961538461538,0.025029206167747963,52
splice,Uncertainty Sampling (US),150,0.8089903846153846,0.027275193495946603,52
splice,Uncertainty Sampling (US),151,0.8108173076923078,0.024682896524610847,52
splice,Uncertainty Sampling (US),152,0.8086057692307692,0.023490785957197707,52
splice,Uncertainty Sampling (US),153,0.8096634615384615,0.02334223663902448,52
splice,Uncertainty Sampling (US),154,0.8102884615384615,0.02590827450415806,52
splice,Uncertainty Sampling (US),155,0.8108653846153846,0.024328655617664036,52
splice,Uncertainty Sampling (US),156,0.8108653846153846,0.022664889358942206,52
splice,Uncertainty Sampling (US),157,0.8117307692307693,0.02126247304950664,52
splice,Uncertainty Sampling (US),158,0.8141346153846154,0.020011544556466525,52
splice,Uncertainty Sampling (US),159,0.8129807692307692,0.019434647032530207,52
splice,Uncertainty Sampling (US),160,0.8116826923076924,0.017738025191869324,52
splice,Uncertainty Sampling (US),161,0.8150000000000001,0.020472363006229215,52
splice,Uncertainty Sampling (US),162,0.8150961538461539,0.02323664247572129,52
splice,Uncertainty Sampling (US),163,0.8144711538461539,0.023411999073195754,52
splice,Uncertainty Sampling (US),164,0.8152403846153846,0.020202768783407786,52
splice,Uncertainty Sampling (US),165,0.8158653846153846,0.023623292631450223,52
splice,Uncertainty Sampling (US),166,0.818076923076923,0.024427841841095463,52
splice,Uncertainty Sampling (US),167,0.818173076923077,0.022956242394100823,52
splice,Uncertainty Sampling (US),168,0.817451923076923,0.024805569349222043,52
splice,Uncertainty Sampling (US),169,0.8148557692307693,0.024938224958937324,52
splice,Uncertainty Sampling (US),170,0.8157692307692308,0.024924092907061213,52
splice,Uncertainty Sampling (US),171,0.8189423076923077,0.02817289996804288,52
splice,Uncertainty Sampling (US),172,0.8173076923076923,0.029279945932085015,52
splice,Uncertainty Sampling (US),173,0.816923076923077,0.029760545110075996,52
splice,Uncertainty Sampling (US),174,0.8176923076923077,0.02745248191325487,52
splice,Uncertainty Sampling (US),175,0.8190384615384615,0.02777780291602682,52
splice,Uncertainty Sampling (US),176,0.823125,0.028301055720625714,52
splice,Uncertainty Sampling (US),177,0.8195673076923077,0.026516370978402266,52
splice,Uncertainty Sampling (US),178,0.818076923076923,0.025574839162544993,52
splice,Uncertainty Sampling (US),179,0.8208173076923077,0.025392609092626153,52
splice,Uncertainty Sampling (US),180,0.8212499999999999,0.023360453426971933,52
splice,Uncertainty Sampling (US),181,0.8218749999999999,0.026322262813212743,52
splice,Uncertainty Sampling (US),182,0.8235096153846153,0.025673571209956357,52
splice,Uncertainty Sampling (US),183,0.8263461538461538,0.025788836781912124,52
splice,Uncertainty Sampling (US),184,0.825673076923077,0.02725656686755931,52
splice,Uncertainty Sampling (US),185,0.823125,0.025861978110049998,52
splice,Uncertainty Sampling (US),186,0.8245192307692307,0.0233265315447129,52
splice,Uncertainty Sampling (US),187,0.8275,0.024025109413963994,52
splice,Uncertainty Sampling (US),188,0.8301923076923077,0.02329923710064553,52
splice,Uncertainty Sampling (US),189,0.8289423076923076,0.02315943331415692,52
splice,Uncertainty Sampling (US),190,0.8276442307692308,0.02516325841194827,52
splice,Uncertainty Sampling (US),191,0.8288461538461539,0.02604418162818231,52
splice,Uncertainty Sampling (US),192,0.8279326923076924,0.026751036052165427,52
splice,Uncertainty Sampling (US),193,0.8288461538461539,0.023558758094523135,52
splice,Uncertainty Sampling (US),194,0.8270673076923077,0.02441331781481164,52
splice,Uncertainty Sampling (US),195,0.8274519230769232,0.02162792757365397,52
splice,Uncertainty Sampling (US),196,0.8294230769230769,0.023028197679934116,52
splice,Uncertainty Sampling (US),197,0.8291826923076923,0.020732429094024736,52
splice,Uncertainty Sampling (US),198,0.8314903846153846,0.01986634023565925,52
splice,Uncertainty Sampling (US),199,0.8332211538461538,0.02175699424650691,52
splice,Uncertainty Sampling (US),200,0.8315865384615384,0.02002467134043925,52
splice,Uncertainty Sampling (US),201,0.830625,0.023230911413417245,52
splice,Uncertainty Sampling (US),202,0.8317788461538461,0.02436113375559974,52
splice,Uncertainty Sampling (US),203,0.8325,0.02373774193466729,52
splice,Uncertainty Sampling (US),204,0.833076923076923,0.022527844342925173,52
splice,Uncertainty Sampling (US),205,0.8341346153846154,0.022100952730909066,52
splice,Uncertainty Sampling (US),206,0.8347115384615384,0.020896886472711526,52
splice,Uncertainty Sampling (US),207,0.8355769230769231,0.018810297715635152,52
splice,Uncertainty Sampling (US),208,0.8392307692307692,0.02142896645473716,52
splice,Uncertainty Sampling (US),209,0.8365865384615384,0.02272506630932455,52
splice,Uncertainty Sampling (US),210,0.83875,0.021690220982611273,52
splice,Uncertainty Sampling (US),211,0.838076923076923,0.02092010586881898,52
splice,Uncertainty Sampling (US),212,0.838701923076923,0.021273720236476015,52
splice,Uncertainty Sampling (US),213,0.8391826923076924,0.024059368736147262,52
splice,Uncertainty Sampling (US),214,0.8396634615384616,0.025137020810624848,52
splice,Uncertainty Sampling (US),215,0.8404807692307692,0.024768726632681898,52
splice,Uncertainty Sampling (US),216,0.8407692307692307,0.022489313701605743,52
splice,Uncertainty Sampling (US),217,0.8400480769230769,0.02188142278043014,52
splice,Uncertainty Sampling (US),218,0.8410576923076923,0.020408488681340698,52
splice,Uncertainty Sampling (US),219,0.8422115384615385,0.021532316377183402,52
splice,Uncertainty Sampling (US),220,0.8449519230769231,0.021071135264320723,52
